达人ID,达人名称,平台,粉丝量,达人分层(L0/L1/L2/L3),达人类型,历史总GMV,90天GMV,近30天发布视频gmv,最近合作日期,当前合作状态,近30天合作次数,平均间隔天数,距离上次发布天数,近30天是否出单(Y/N),是否进入复投(Y/N),是否超时未合作,平均交付时间,优先级,下一步动作,负责人,截止日期,备注
kodenami,Veronicasmjtk,Tiktok,,L0,泛生活种草 / 家居生活,1728.28,1728.28,1728.28,2026-03-03,在合作,1,45.7,23,Y,Y,N,,高,跟进交付和发布时间,,,2026-03-17初筛：账号自述什么都测，近期内容含tumbler、家居小物、耳饰与服饰，偏泛生活带货。 | 原状态: MOU submitted
kkkkkatties,kkkkkatties,Tiktok,,L0,饰品分享 / 时尚饰品,1319.77,1319.77,1319.77,2026-03-09,在合作,1,29.0,17,Y,Y,N,,高,跟进交付和发布时间,,,2026-03-17初筛：账号简介与近期内容都以手链、戒指等饰品种草为主，已多次直接提及sparco。 | 原状态: Pending publish review
erickpras38,Erick prasetio,Tiktok,,L0,泛生活种草 / 家居生活,4307.98,4307.98,4307.98,2025-12-12,在合作,0,21.3,104,Y,Y,N,,高,跟进交付和发布时间,,,2026-03-17初筛：主页简介写electronic/lifestyle/home living，近期视频以家居电器和日用好物推荐为主。 | 原状态: Pending MOU
hendynmelina,Hendy & Melina,Tiktok,,L0,家居生活,3936.2,3936.2,3936.2,2025-12-22,在合作,0,16.9,94,Y,Y,N,,高,跟进交付和发布时间,,,2026-03-17初筛：主页与近期视频集中在居家实用好物、清洁收纳、厨房用品等家庭场景。 | 原状态: Pending MOU
kameghome,KAMEG,Tiktok,,L0,家居生活,699.98,699.98,699.98,2025-12-31,在合作,0,27.2,85,Y,Y,N,,高,跟进交付和发布时间,,,2026-03-17初筛：账号简介直接写Home Living Enthusiast，近期内容集中在除湿机、清洁、香氛、实用家居。 | 原状态: Pending MOU
agustina_sintya,Yaya,Tiktok,,L0,美发造型 / 美发工具,306.05,306.05,306.05,2026-02-11,在合作,0,34.8,43,Y,Y,N,,高,跟进交付和发布时间,,,2026-03-17初筛：近期可见内容集中在catok、sisir、头发蓬松和防脱发护理，强美发演示属性。 | 原状态: MOU submitted
siskasiska.88,Siska Siska,Tiktok,,L1,饰品分享 / 时尚饰品,2323.69,2323.69,2323.69,2026-03-09,在合作,1,32.0,17,Y,Y,N,,高,跟进交付和发布时间,,,2026-03-17初筛：账号简介直接写Perhiasan，近期内容高频是钛钢戒指、莫桑石和日常饰品搭配。 | 原状态: Pending MOU
nauwola,nauwola,Tiktok,,L1,美发造型 / 美发工具,,,,2026-03-03,在合作,1,62.5,23,Y,Y,N,,高,跟进交付和发布时间,,,2026-03-18初筛：播放列表含 Hair styling、Hair Care、Cat Rambut，置顶内容是 catokan 和 automatic hair curler 教程，账号重心明确偏发型造型。 | 原状态: Pending MOU
monchhild,nina,Tiktok,,L1,美发造型 / 美发工具,251.89,251.89,251.89,2026-03-03,在合作,1,70.2,23,Y,Y,N,,高,跟进交付和发布时间,,,2026-03-18初筛：播放列表直接有 tutor makeup、softlens、fake lashes、nyatok、haircare，其中 nyatok 和 haircare 证据很强，适合 Stypro 的教程演示型合作。 | 原状态: MOU submitted
seliyanisss,seliyanisss,Tiktok,,L1,服饰穿搭 / 美发工具,0,0,0,2026-02-24,在合作,1,42.7,30,Y,Y,N,,高,跟进交付和发布时间,,,"2026-03-18初筛：Bio 为 Beauty,Fashion & Fangirling，近期内容大量是 outfit 推荐与穿搭展示，同时出现便携卷发工具种草视频，适合作为 Stypro 的时尚种草型达人。 | 原状态: MOU submitted"
rizkairn,Rizka Irnawati,Tiktok,,L1,家居生活,207.84,207.84,207.84,2025-08-27,在合作,0,89.0,211,Y,Y,N,,高,跟进交付和发布时间,,,2026-03-18初筛：Bio 直接写 Home Living | Furniture | DIY，属于非常明确的家居垂类账号，适合 LetMe 的家庭场景产品。 | 原状态: Pending MOU
fathia.finds,fathia.finds,Tiktok,,L1,服饰穿搭 / 时尚饰品,1300.19,1300.19,1300.19,2026-02-23,在合作,0,34.7,31,Y,Y,N,,高,跟进交付和发布时间,,,2026-03-18初筛：主页简介为 petite girl | fashion and accessories，播放列表含 bracelet、hair curling tips、Hair Clips、outfit，近期内容以穿搭和饰品种草为主。 | 原状态: MOU submitted
hazela242,hazela242,Tiktok,,L1,个护工具,449.31,449.31,449.31,2025-12-30,在合作,0,81.5,86,Y,Y,N,,高,跟进交付和发布时间,,,2026-03-18初筛：Bio写明 Beauty and Tech，播放列表里有 pencukur，置顶视频直接是 shaver 使用体验与耐用度反馈，适合 LetMe 个护工具。 | 原状态: Pending MOU
ms.mhels,ms.mhels,Tiktok,,L1,饰品分享 / 时尚饰品,,,,2025-10-30,在合作,0,48.7,147,Y,Y,N,,高,跟进交付和发布时间,,,2026-03-18初筛：Bio明确写 Suka review aksesoris，播放列表有 Cincin 101 个作品，主页长期在做戒指和配饰推荐，适合 Sparco。 | 原状态: MOU submitted
rickyhlim,rickyhlim,Tiktok,,L1,家居生活,,,,2025-09-09,在合作,0,43.7,198,Y,Y,N,,高,跟进交付和发布时间,,,2026-03-18初筛：账号名即 KOKO DI DAPUR，简介写 suka review barang dapur，近期视频集中在厨房与居家实用好物演示，适合 LetMe 家居线。 | 原状态: MOU submitted
xyz.jewelry,XYZ JEWELRY,Tiktok,,L2,饰品分享 / 时尚饰品,,,,2025-02-26,不在合作,0,60.5,393,Y,Y,Y,,高,优先重启复投沟通,,,2026-03-18初筛：账号名和 Bio 都直接写 Jewelry / aksesoris perhiasan，是标准饰品垂类账号，适合 Sparco。 | 原状态: Published
hettylamrya,hettylamrya,Tiktok,,L2,美妆护肤 / 护肤品,,,,2025-03-26,不在合作,0,17.0,365,Y,Y,Y,,高,优先重启复投沟通,,,2026-03-18批量初筛：主要依据账号命名/公开定位与历史合作SPU（5000）完成第一版归档，建议后续抽查近期视频再细化。 | 原状态: Published
junjunshop222,junjunshop222,Tiktok,,L2,服饰穿搭 / 时尚饰品,,,,2025-03-10,不在合作,0,43.3,381,Y,Y,Y,,高,优先重启复投沟通,,,2026-03-18批量初筛：主要依据账号命名/公开定位与历史合作SPU（SP-BB3-013 / SP-BA3-007-5C / 1003 / 1132 / 1102 / 1041）完成第一版归档，建议后续抽查近期视频再细化。 | 原状态: Published
karinapermatadn,karinapermatadn,Tiktok,,L2,美发造型 / 美发工具,,,,2025-07-24,不在合作,0,76.0,245,Y,Y,Y,,高,优先重启复投沟通,,,2026-03-18批量初筛：主要依据账号命名/公开定位与历史合作SPU（4005 / 4006 / 4007 / 4008 / 4009 / 4002）完成第一版归档，建议后续抽查近期视频再细化。 | 原状态: Review rejected
vinatan509,vinatan509,Tiktok,,L2,服饰穿搭 / 时尚饰品,,,,2025-02-12,不在合作,0,50.0,407,Y,Y,Y,,高,优先重启复投沟通,,,2026-03-18批量初筛：主要依据账号命名/公开定位与历史合作SPU（1233 / 1102 / 1132 / SP-BA3-007 / 1002 / 1135）完成第一版归档，建议后续抽查近期视频再细化。 | 原状态: Published
kiaraagnes_,Kiara Agnes,Tiktok,,L2,美发造型 / 美发工具,412.09,412.09,412.09,2026-03-11,在合作,1,37.0,15,Y,Y,N,,中,跟进交付和发布时间,,,2026-03-18初筛：Bio 直接写 hair tools girlie，这个定位已经非常明确，适合 Stypro 的头发造型工具合作。 | 原状态: Pending MOU
syarah_nur,Syarah,Tiktok,,L2,服饰穿搭 / 时尚饰品,1243.46,1243.46,1243.46,2026-03-10,在合作,1,69.0,16,Y,Y,N,,中,跟进交付和发布时间,,,2026-03-17初筛：主内容是女装试穿和穿搭分享，近期也有明确饰品内容，适合Sparco搭配型合作。 | 原状态: Pending MOU
alleya.home,alleya.home,Tiktok,,L2,家居生活,327.44,327.44,327.44,2026-03-04,在合作,1,174.0,22,Y,Y,N,,中,跟进交付和发布时间,,,2026-03-18批量初筛：主要依据账号命名/公开定位与历史合作SPU（2032 / 2258 / 2125）完成第一版归档，建议后续抽查近期视频再细化。 | 原状态: MOU submitted
azzura_homesthetics,azzura_homesthetics,Tiktok,,L2,家居生活,,,,2026-02-26,在合作,1,56.5,28,Y,Y,N,,中,跟进交付和发布时间,,,2026-03-18批量初筛：主要依据账号命名/公开定位与历史合作SPU（2031 / 2253 / 2141）完成第一版归档，建议后续抽查近期视频再细化。 | 原状态: Pending MOU
beauty.girl5194,beauty.girl5194,Tiktok,,L2,饰品分享 / 时尚饰品,1362.98,1362.98,1362.98,2026-03-09,在合作,1,43.7,17,Y,Y,N,,中,跟进交付和发布时间,,,2026-03-18初筛：Bio 直接写 spill aksesoris kece，近期内容以戒指、手链、项链等饰品为主，适合 Sparco 的平价饰品种草。 | 原状态: Pending MOU
bervakifova,bervakifova,Tiktok,,L2,服饰穿搭 / 时尚饰品,546.9,546.9,546.9,2026-03-03,在合作,1,159.7,23,Y,Y,N,,中,跟进交付和发布时间,,,2026-03-18批量初筛：主要依据账号命名/公开定位与历史合作SPU（4016 / 4018 / 1004 / 1002 / 1003 / SP-BD3-011 / SP-BD3-012 / SP-BB3-013 / 1190 / 1135）完成第一版归档，建议后续抽查近期视频再细化。 | 原状态: Pending MOU
sibalsekiyaaaaaa,bibble girls,Tiktok,,L2,美发造型 / 美发工具,4499.74,4499.74,4499.74,2026-02-24,在合作,1,37.8,30,Y,Y,N,,中,跟进交付和发布时间,,,2026-03-18初筛：主页风格偏女生向下单导购，历史合作 SPU 全部在 Stypro 线，可先归类为美发工具种草号。 | 原状态: MOU submitted
capslock_ed,capsie | hair care area 👩🏻✨,Tiktok,,L2,美发造型 / 美发工具,739.79,739.79,739.79,2026-02-24,在合作,1,97.0,30,Y,Y,N,,中,跟进交付和发布时间,,,2026-03-18初筛：Bio 直接写 hair care area，且强调 mostly talk bout hair，内容垂类非常清楚，适合 Stypro 的美发工具与护理演示。 | 原状态: MOU submitted
delina.sakotek,delina.sakotek,Tiktok,,L2,家居生活,117.67,117.67,117.67,2026-03-12,在合作,1,118.5,14,Y,Y,N,,中,跟进交付和发布时间,,,2026-03-18初筛：Bio 直接写 Review Alat Dapur Aesthetic，置顶和近期内容集中在 food container、清洗工具、tumbler 等厨房家居实用品，适合 LetMe。 | 原状态: Pending MOU
desirahayu_21,desirahayu_21,Tiktok,,L2,服饰穿搭 / 时尚饰品,880.06,880.06,880.06,2026-03-09,在合作,1,109.5,17,Y,Y,N,,中,跟进交付和发布时间,,,2026-03-18批量初筛：主要依据账号命名/公开定位与历史合作SPU（1396 / 1389 / 1384 / 1234 / 1231）完成第一版归档，建议后续抽查近期视频再细化。 | 原状态: Pending MOU
devi.fristiana,devi.fristiana,Tiktok,,L2,家居生活,744.99,744.99,744.99,2026-03-06,在合作,1,23.8,20,Y,Y,N,,中,跟进交付和发布时间,,,2026-03-18初筛：简介写 Homeliving | Review | Tips，近期视频以蒸煮工具、床品、收纳和居家场景为主，属于稳定的家庭实用内容。 | 原状态: Pending MOU
itsddingo,dingo ꨄ︎,Tiktok,,L2,服饰穿搭 / 时尚饰品,0,0,0,2026-03-12,在合作,1,77.0,14,Y,Y,N,,中,跟进交付和发布时间,,,2026-03-18初筛：Bio 写 outfit | random | cute stuff，整体是可爱女生向种草内容，结合历史合作多为 Sparco 线，适合饰品搭配合作。 | 原状态: Pending MOU
dlakk2,dlakk2,Tiktok,,L2,美发造型 / 美发工具,,,,2026-03-10,在合作,1,126.7,16,Y,Y,N,,中,跟进交付和发布时间,,,2026-03-18初筛：近期视频出现 hairspray、rekomendasi catok 和右侧头发教学，属于明显的发型工具教程向账号。 | 原状态: Pending MOU
gracensia.chika,gracensia.chika,Tiktok,,L2,美发造型 / 美发工具,0,0,0,2026-02-24,在合作,1,91.8,30,Y,Y,N,,中,跟进交付和发布时间,,,2026-03-18初筛：Bio 写明喜欢头发内容，置顶视频包含 hair dryer、hair trimmer、catokan 和 Airwrap 教程，明确是美发工具演示型达人。 | 原状态: MOU submitted
honeyheartlesss,honeyheartlesss,Tiktok,,L2,美发造型 / 美发工具,,,,2026-03-03,在合作,1,97.0,23,Y,Y,N,,中,跟进交付和发布时间,,,2026-03-18批量初筛：主要依据账号命名/公开定位与历史合作SPU（4016 / 4007 / 4006 / 4002）完成第一版归档，建议后续抽查近期视频再细化。 | 原状态: Pending review
inaapril20_,inaapril20_,Tiktok,,L2,美发造型 / 美发工具,2771.27,2771.27,2771.27,2026-02-24,在合作,1,55.6,30,Y,Y,N,,中,跟进交付和发布时间,,,"2026-03-18初筛：Bio 写明 Hairstyle/care, beauty，置顶内容直接出现 Stypro catokan sisir 与造型演示，账号与 Stypro 适配度高。 | 原状态: MOU submitted"
ity_tbl,ity_tbl,Tiktok,,L2,美发造型 / 美发工具,1619.13,1619.13,1619.13,2026-02-24,在合作,1,73.6,30,Y,Y,N,,中,跟进交付和发布时间,,,2026-03-18初筛：置顶内容多次直接出现 catokan 和发饰相关短视频，整体是平价变美和即时造型展示，适合 Stypro。 | 原状态: MOU submitted
laolisuci,laolisuci,Tiktok,,L2,泛生活种草 / 家居生活,1299.69,1299.69,1299.69,2026-03-11,在合作,1,58.3,15,Y,Y,N,,中,跟进交付和发布时间,,,2026-03-18初筛：Bio 写 review produk random，结合历史合作 SPU 主要集中在 LetMe 家居生活线，适合作为泛生活实用好物号。 | 原状态: Pending MOU
manbellll,manbel🛍️,Tiktok,,L2,服饰穿搭 / 时尚饰品,227.22,227.22,227.22,2026-03-10,在合作,1,104.7,16,Y,Y,N,,中,跟进交付和发布时间,,,"2026-03-18初筛：Bio 明确写 Makeup, hijab, fashion, acc，主页是典型甜妹穿搭和配饰 spill 账号，适合 Sparco 的搭配型种草。 | 原状态: Pending MOU"
mirandygema,mirandygema,Tiktok,,L2,泛生活种草 / 家居生活,82.63,82.63,82.63,2026-02-25,在合作,1,56.5,29,Y,Y,N,,中,跟进交付和发布时间,,,2026-03-18批量初筛：主要依据账号命名/公开定位与历史合作SPU（2062 / 2104 / 2141 / 2131）完成第一版归档，建议后续抽查近期视频再细化。 | 原状态: MOU submitted
mixezliving,mixezliving,Tiktok,,L2,家居生活,332.35,332.35,332.35,2026-03-10,在合作,1,93.5,16,Y,Y,N,,中,跟进交付和发布时间,,,2026-03-18批量初筛：主要依据账号命名/公开定位与历史合作SPU（2138 / 2193 / 2254 / 2253 / 2175 / 2131）完成第一版归档，建议后续抽查近期视频再细化。 | 原状态: Pending MOU
munaliati16,munaliati16,Tiktok,,L2,泛生活种草 / 家居生活,493.92,493.92,493.92,2026-03-10,在合作,1,25.0,16,Y,Y,N,,中,跟进交付和发布时间,,,2026-03-18批量初筛：主要依据账号命名/公开定位与历史合作SPU（2116 / 2244 / 2122）完成第一版归档，建议后续抽查近期视频再细化。 | 原状态: Pending MOU
nutrisarijerukp3ras,nutrisarijerukp3ras,Tiktok,,L2,美发造型 / 美发工具,,,,2026-02-24,在合作,1,69.0,30,Y,Y,N,,中,跟进交付和发布时间,,,2026-03-18批量初筛：主要依据账号命名/公开定位与历史合作SPU（4016 / 4018 / 4005）完成第一版归档，建议后续抽查近期视频再细化。 | 原状态: MOU submitted
pebepibi,pebepibi,Tiktok,,L2,美发造型 / 美发工具,,,,2026-03-03,在合作,1,142.5,23,Y,Y,N,,中,跟进交付和发布时间,,,2026-03-18批量初筛：主要依据账号命名/公开定位与历史合作SPU（4016 / 4019 / 4002）完成第一版归档，建议后续抽查近期视频再细化。 | 原状态: Pending MOU
rainy_in_june,rainy_in_june,Tiktok,,L2,泛生活种草 / 家居生活,88.21,88.21,88.21,2026-02-27,在合作,1,206.0,27,Y,Y,N,,中,跟进交付和发布时间,,,2026-03-18批量初筛：主要依据账号命名/公开定位与历史合作SPU（2032 / 2122 / 2120 / 2027）完成第一版归档，建议后续抽查近期视频再细化。 | 原状态: Pending MOU
ririnhndy,ririnhndy,Tiktok,,L2,泛生活种草 / 家居生活,0,0,0,2026-03-09,在合作,1,80.5,17,N,Y,N,,中,跟进交付和发布时间,,,2026-03-18批量初筛：主要依据账号命名/公开定位与历史合作SPU（2116 / 2193 / 2253 / 2243）完成第一版归档，建议后续抽查近期视频再细化。 | 原状态: Pending MOU
suzy.zhenzhen,suzy.zhenzhen,Tiktok,,L2,饰品分享 / 时尚饰品,689.67,689.67,689.67,2026-03-09,在合作,1,40.4,17,Y,Y,N,,中,跟进交付和发布时间,,,2026-03-18初筛：置顶和近期内容高度集中在 zodiak bracelet、gelang serut、kalung 等饰品推荐，账号主线明确为饰品种草，适合 Sparco。 | 原状态: Pending MOU
tintin.lie,tintin.lie,Tiktok,,L2,泛生活种草 / 家居生活,,,,2026-03-12,在合作,1,89.3,14,Y,Y,N,,中,跟进交付和发布时间,,,2026-03-18批量初筛：主要依据账号命名/公开定位与历史合作SPU（2116 / 2147 / 2253 / 2043 / 2031）完成第一版归档，建议后续抽查近期视频再细化。 | 原状态: Pending MOU
lils0oftiie,yulia ౨ৎ,Tiktok,,L2,服饰穿搭 / 时尚饰品,731.14,731.14,731.14,2026-03-13,在合作,1,83.0,13,Y,Y,N,,中,跟进交付和发布时间,,,2026-03-18初筛：Bio 明确是 Fashion enthusiasts，账号人设偏小个子甜妹穿搭，结合历史合作 SPU 主要在 Sparco 饰品线，适合饰品搭配型合作。 | 原状态: Pending MOU
abang.adik2,Abang.adik2,Tiktok,,L2,家居生活,,,,2026-01-23,在合作,0,136.3,62,Y,Y,N,,中,跟进交付和发布时间,,,2026-03-18初筛：Bio 直接写 Live style Creator，播放列表里有 Handuk Jumbo / Handuk Dewasa / Handuk Travel 和大量直播回放，适合 LetMe 的家庭实用品和直播带货。 | 原状态: MOU submitted
adi_review,Adi Review,Tiktok,,L2,泛生活种草 / 家居生活,,,,2025-12-31,在合作,0,24.2,85,Y,Y,N,,中,跟进交付和发布时间,,,2026-03-18初筛：Bio 直接写 review 和引导购物车下单，内容定位是标准带货测评号，结合历史合作更适合 LetMe 的实用好物线。 | 原状态: Pending MOU
cipipayy,Cipipay,Tiktok,,L2,泛生活种草 / 家居生活,889.25,889.25,889.25,2026-01-08,在合作,0,55.8,77,Y,Y,N,,中,跟进交付和发布时间,,,2026-03-17初筛：主页简介写服饰、饰品和零食推广，近期内容多为日用品、发饰、袜子和餐盒等平价好物。 | 原状态: MOU submitted
devvwies,Devina Otaria♡,Tiktok,,L2,泛生活种草 / 家居生活,1118.19,1118.19,1118.19,2026-02-13,在合作,0,40.8,41,Y,Y,N,,中,跟进交付和发布时间,,,2026-03-18初筛：账号整体是女生生活方式与品牌合作型内容，结合历史合作 SPU 以 LetMe 线为主，先归到泛生活实用好物达人。 | 原状态: Pending MOU
hudayanisonjaya,Hudayani Sonjaya,Tiktok,,L2,个护工具,3328.75,3328.75,3328.75,2025-12-22,在合作,0,28.6,94,Y,Y,N,,中,跟进交付和发布时间,,,2026-03-17初筛：账号简介含self-care和daily hacks，近期视频有按摩工具、足部喷雾、袜子和家居小物。 | 原状态: MOU submitted
miarizky98,Mia Rizki,Tiktok,,L2,开箱种草 / 家居生活,812.26,812.26,812.26,2026-02-06,在合作,0,19.8,48,Y,Y,N,,中,跟进交付和发布时间,,,2026-03-17初筛：账号简介就是spill/unboxing/review，近期内容在tumbler、家居摆件、手链和香氛之间切换。 | 原状态: MOU submitted
nunananaat,Nanatt୨ৎ,Tiktok,,L2,服饰穿搭 / 时尚饰品,,,,2025-09-02,在合作,0,69.8,205,Y,Y,N,,中,跟进交付和发布时间,,,2026-03-18初筛：主页人设是小个子女生分享和个人小店导向，结合历史合作里饰品相关 SPU 占比高，更适合 Sparco 的甜美穿搭饰品合作。 | 原状态: Pending publish review
octaviachandra,OctaviaChandra,Tiktok,,L2,泛生活种草 / 美发工具,818.79,818.79,818.79,2026-02-11,在合作,0,54.2,43,Y,Y,N,,中,跟进交付和发布时间,,,2026-03-18初筛：账号主线是 mama-anak lifestyle，但播放列表里长期有 makeup and skincare、body+hair care，且历史合作全部集中在 Stypro 线，适合生活方式场景下的美发工具种草。 | 原状态: Pending MOU
happyfinsv,Pin˚⋆𐙚｡ᡣ𐭩˚,Tiktok,,L2,美妆护肤 / 护肤品,139.43,139.43,139.43,2025-10-15,在合作,0,34.3,162,Y,Y,N,,中,跟进交付和发布时间,,,2026-03-18初筛：近期公开主页信息有限，主要结合账号风格与历史合作 SPU 全部集中在 ICYEE 线判断，适合作为年轻女生向护肤种草号继续观察。 | 原状态: MOU submitted
laurenviaa,Ren.dang,Tiktok,,L2,美发造型 / 美发工具,0,0,0,2026-02-11,在合作,0,30.0,43,Y,Y,N,,中,跟进交付和发布时间,,,2026-03-18初筛：近期公开内容以日常好物和完整信息分享为主，结合近几次合作 SPU 都在 Stypro 线，适合走美发工具种草合作。 | 原状态: MOU submitted
winterrwin_,Wiwin Ayu ʚଓ,Tiktok,,L2,泛生活种草 / 时尚饰品,109.69,109.69,109.69,2026-01-06,在合作,0,183.5,79,Y,Y,N,,中,跟进交付和发布时间,,,2026-03-18初筛：Bio 写 Life style • Cute & Aesthetic Stuff，整体是甜系美物分享，结合历史合作以 Sparco 饰品线为主，适合少女感搭配种草。 | 原状态: MOU submitted
_nengenna,_nengenna,Tiktok,,L2,泛生活种草 / 家居生活,129.48,129.48,129.48,2026-01-06,在合作,0,83.5,79,Y,Y,N,,中,跟进交付和发布时间,,,2026-03-18批量初筛：主要依据账号命名/公开定位与历史合作SPU（2104 / 2237）完成第一版归档，建议后续抽查近期视频再细化。 | 原状态: MOU submitted
_sepallsepill,_sepallsepill,Tiktok,,L2,服饰穿搭 / 时尚饰品,140.32,140.32,140.32,2025-10-30,在合作,0,175.0,147,Y,Y,N,,中,跟进交付和发布时间,,,2026-03-18批量初筛：主要依据账号命名/公开定位与历史合作SPU（1341 / 1231 / 1045 / SP-BB3-013）完成第一版归档，建议后续抽查近期视频再细化。 | 原状态: MOU submitted
abouturdqy__,abouturdqy__,Tiktok,,L2,服饰穿搭 / 时尚饰品,512.96,512.96,512.96,2025-10-01,在合作,0,79.5,176,Y,Y,N,,中,跟进交付和发布时间,,,2026-03-18批量初筛：主要依据账号命名/公开定位与历史合作SPU（1231 / 1238 / 1132 / 1121 / 1260 / 1224 / SP-BB3-013 / SP-BB3-008-NEW / 1135 / 1111）完成第一版归档，建议后续抽查近期视频再细化。 | 原状态: MOU submitted
accboskuu,accboskuu,Tiktok,,L2,饰品分享 / 时尚饰品,1778.1,1778.1,1778.1,2025-11-04,在合作,0,51.7,142,Y,Y,N,,中,跟进交付和发布时间,,,2026-03-18初筛：Bio 直接写喜欢戴饰品，近期视频持续围绕 gelang couple、gelang serut、cincin 等饰品内容，属于典型 Sparco 饰品号。 | 原状态: Pending publish review
adindaprsty,adindaprsty,Tiktok,,L2,服饰穿搭 / 时尚饰品,0,0,0,2026-01-29,在合作,0,77.5,56,Y,Y,N,,中,跟进交付和发布时间,,,2026-03-18批量初筛：主要依据账号命名/公开定位与历史合作SPU（1384 / 1341 / 1231）完成第一版归档，建议后续抽查近期视频再细化。 | 原状态: MOU submitted
adindazoyaa,adindazoyaa,Tiktok,,L2,服饰穿搭 / 时尚饰品,,,,2025-11-05,在合作,0,110.5,141,Y,Y,N,,中,跟进交付和发布时间,,,2026-03-18批量初筛：主要依据账号命名/公开定位与历史合作SPU（1341 / 1231 / SP-BB3-013）完成第一版归档，建议后续抽查近期视频再细化。 | 原状态: Pending publish review
agstinsmrni_ds,agstinsmrni_ds,Tiktok,,L2,服饰穿搭 / 时尚饰品,,,,2026-01-14,在合作,0,92.0,71,Y,Y,N,,中,跟进交付和发布时间,,,2026-03-18批量初筛：主要依据账号命名/公开定位与历史合作SPU（1224 / 1231 / 2011）完成第一版归档，建议后续抽查近期视频再细化。 | 原状态: MOU submitted
aldilanggra,aldilanggra,Tiktok,,L2,服饰穿搭 / 时尚饰品,3841.25,3841.25,3841.25,2025-10-29,在合作,0,23.0,148,Y,Y,N,,中,跟进交付和发布时间,,,2026-03-18批量初筛：主要依据账号命名/公开定位与历史合作SPU（1341 / 1234 / 1356 / 1365）完成第一版归档，建议后续抽查近期视频再细化。 | 原状态: MOU submitted
alesha.kyr,alesha.kyr,Tiktok,,L2,美发造型 / 美发工具,1212.31,1212.31,1212.31,2026-02-11,在合作,0,79.3,43,Y,Y,N,,中,跟进交付和发布时间,,,2026-03-18初筛：Bio 为 Fashion | Beauty | Selfcare，置顶和近期内容集中在 catokan 3in1、5in1 hair styler 等造型工具试用，适合 Stypro。 | 原状态: MOU submitted
almiramiraa_,almiramiraa_,Tiktok,,L2,服饰穿搭 / 时尚饰品,458.93,458.93,458.93,2026-01-30,在合作,0,86.0,55,Y,Y,N,,中,跟进交付和发布时间,,,2026-03-18批量初筛：主要依据账号命名/公开定位与历史合作SPU（1339 / 1224 / 1231）完成第一版归档，建议后续抽查近期视频再细化。 | 原状态: MOU submitted
anitaelest,anitaelest,Tiktok,,L2,美发造型 / 美发工具,357.8,357.8,357.8,2026-01-15,在合作,0,139.5,70,Y,Y,N,,中,跟进交付和发布时间,,,2026-03-18批量初筛：主要依据账号命名/公开定位与历史合作SPU（4006 / 4002）完成第一版归档，建议后续抽查近期视频再细化。 | 原状态: MOU submitted
apizdisini,apizdisini,Tiktok,,L2,泛生活种草 / 家居生活,1107.17,1107.17,1107.17,2026-02-05,在合作,0,86.0,49,Y,Y,N,,中,跟进交付和发布时间,,,2026-03-18批量初筛：主要依据账号命名/公开定位与历史合作SPU（2254 / 2005 / 2104 / 2174 / 2032）完成第一版归档，建议后续抽查近期视频再细化。 | 原状态: MOU submitted
arabiquechannel,arabiquechannel,Tiktok,,L2,泛生活种草 / 家居生活,,,,2026-01-23,在合作,0,21.3,62,Y,Y,N,,中,跟进交付和发布时间,,,2026-03-18批量初筛：主要依据账号命名/公开定位与历史合作SPU（2005 / 2132 / 2243 / 2254 / 2175 / 2131 / 2031）完成第一版归档，建议后续抽查近期视频再细化。 | 原状态: Pending MOU
arinvias,arinvias,Tiktok,,L2,服饰穿搭 / 时尚饰品,101.7,101.7,101.7,2025-12-24,在合作,0,62.5,92,Y,Y,N,,中,跟进交付和发布时间,,,2026-03-18批量初筛：主要依据账号命名/公开定位与历史合作SPU（SP-BA1-005-01 / 1224 / 1231）完成第一版归档，建议后续抽查近期视频再细化。 | 原状态: MOU submitted
asidik098,asidik098,Tiktok,,L2,泛生活种草 / 家居生活,126.12,126.12,126.12,2026-02-10,在合作,0,23.0,44,Y,Y,N,,中,跟进交付和发布时间,,,2026-03-18批量初筛：主要依据账号命名/公开定位与历史合作SPU（2043 / 2174 / 2254 / 2092）完成第一版归档，建议后续抽查近期视频再细化。 | 原状态: MOU submitted
bblie_,bblie_,Tiktok,,L2,泛生活种草 / 家居生活,289.84,289.84,289.84,2026-01-13,在合作,0,86.5,72,Y,Y,N,,中,跟进交付和发布时间,,,2026-03-18批量初筛：主要依据账号命名/公开定位与历史合作SPU（2253 / 2137 / 2132 / 2040 / 2141）完成第一版归档，建议后续抽查近期视频再细化。 | 原状态: MOU submitted
belizzi777,belizzi777,Tiktok,,L2,服饰穿搭 / 时尚饰品,,,,2025-04-25,在合作,0,85.5,335,Y,Y,N,,中,跟进交付和发布时间,,,2026-03-18批量初筛：主要依据账号命名/公开定位与历史合作SPU（1231 / 1102 / 1045 / 1132）完成第一版归档，建议后续抽查近期视频再细化。 | 原状态: MOU submitted
byputrii23,byputrii23,Tiktok,,L2,饰品分享 / 时尚饰品,1122.55,1122.55,1122.55,2026-01-23,在合作,0,63.3,62,Y,Y,N,,中,跟进交付和发布时间,,,2026-03-18初筛：置顶和近期内容多次直接推荐 cincin set / titanium rings，虽然有少量杂货，但主转化点仍是饰品，适合 Sparco。 | 原状态: Pending publish review
cakeqy,cakeqy,Tiktok,,L2,美发造型 / 美发工具,,,,2025-07-17,在合作,0,55.0,252,Y,Y,N,,中,跟进交付和发布时间,,,2026-03-18批量初筛：主要依据账号命名/公开定位与历史合作SPU（4007 / 4006 / 5004 / 5007 / 4002）完成第一版归档，建议后续抽查近期视频再细化。 | 原状态: Pending MOU
capslock_ed.,capslock_ed.,Tiktok,,L2,美发造型 / 美发工具,,,,2025-11-13,在合作,0,114.5,133,Y,Y,N,,中,跟进交付和发布时间,,,2026-03-18批量初筛：主要依据账号命名/公开定位与历史合作SPU（4017 / 4007 / 4002）完成第一版归档，建议后续抽查近期视频再细化。 | 原状态: MOU submitted
cikaasiska_,cikaasiska_,Tiktok,,L2,泛生活种草 / 家居生活,1142.78,1142.78,1142.78,2025-10-22,在合作,0,46.8,155,Y,Y,N,,中,跟进交付和发布时间,,,2026-03-18初筛：近期内容多为可爱风日用好物推荐，置顶直接出现 gelas stainless、tumbler、mini fan 等种草短视频，适合 LetMe 的轻生活好物线。 | 原状态: MOU submitted
cindyangelikaa,cindyangelikaa,Tiktok,,L2,泛生活种草 / 家居生活,,,,2025-12-11,在合作,0,144.0,105,Y,Y,N,,中,跟进交付和发布时间,,,2026-03-18批量初筛：主要依据账号命名/公开定位与历史合作SPU（2104 / 2269 / 1341 / 1231）完成第一版归档，建议后续抽查近期视频再细化。 | 原状态: MOU submitted
deardlala,deardlala,Tiktok,,L2,泛生活种草 / 家居生活,53.11,53.11,53.11,2025-09-10,在合作,0,39.5,197,Y,Y,N,,中,跟进交付和发布时间,,,2026-03-18批量初筛：主要依据账号命名/公开定位与历史合作SPU（1224 / 1231 / 2131 / 2031）完成第一版归档，建议后续抽查近期视频再细化。 | 原状态: Pending MOU
deden.mashudi,deden.mashudi,Tiktok,,L2,泛生活种草 / 家居生活,,,,2025-12-11,在合作,0,59.0,105,Y,Y,N,,中,跟进交付和发布时间,,,2026-03-18批量初筛：主要依据账号命名/公开定位与历史合作SPU（2104 / 2043 / 2011 / 2005）完成第一版归档，建议后续抽查近期视频再细化。 | 原状态: Pending MOU
derikaciawi,derikaciawi,Tiktok,,L2,美发造型 / 美发工具,1189.93,1189.93,1189.93,2025-12-05,在合作,0,133.0,111,Y,Y,N,,中,跟进交付和发布时间,,,2026-03-18批量初筛：主要依据账号命名/公开定位与历史合作SPU（4018 / 2132 / 4002）完成第一版归档，建议后续抽查近期视频再细化。 | 原状态: MOU submitted
dillafajrin02,dillafajrin02,Tiktok,,L2,服饰穿搭 / 时尚饰品,,,,2026-01-19,在合作,0,165.5,66,Y,Y,N,,中,跟进交付和发布时间,,,2026-03-18批量初筛：主要依据账号命名/公开定位与历史合作SPU（1132 / 1231 / SP-BB3-013）完成第一版归档，建议后续抽查近期视频再细化。 | 原状态: MOU submitted
dillahamd,dillahamd,Tiktok,,L2,美妆护肤 / 防晒护理,,,,2025-05-22,在合作,0,63.7,308,Y,Y,N,,中,跟进交付和发布时间,,,2026-03-18初筛：播放列表和近期内容明显以 beauty review、sunscreen、moisturizer、skincare routine 为主，适合 ICYEE 的护肤与防晒线。 | 原状态: Pending publish review
dindaaprd_.,dindaaprd_.,Tiktok,,L2,美发造型 / 美发工具,,,,2025-12-05,在合作,0,65.7,111,Y,Y,N,,中,跟进交付和发布时间,,,2026-03-18批量初筛：主要依据账号命名/公开定位与历史合作SPU（4006 / 4005 / 4008 / 4002）完成第一版归档，建议后续抽查近期视频再细化。 | 原状态: Pending review
dnieshopp01,dnieshopp01,Tiktok,,L2,饰品分享 / 时尚饰品,1680.49,1680.49,1680.49,2025-08-11,在合作,0,54.7,227,Y,Y,N,,中,跟进交付和发布时间,,,2026-03-18初筛：Bio 明确为 ACCESSORIS，近期视频大量是 kalung、cincin、gelang 等首饰推荐，风格偏潮流配饰，适合 Sparco。 | 原状态: Pending publish review
dodolgarut92,dodolgarut92,Tiktok,,L2,服饰穿搭 / 时尚饰品,23.34,23.34,23.34,2025-09-10,在合作,0,37.6,197,Y,Y,N,,中,跟进交付和发布时间,,,2026-03-18批量初筛：主要依据账号命名/公开定位与历史合作SPU（2132 / 1012 / SP-BB3-013 / 5000）完成第一版归档，建议后续抽查近期视频再细化。 | 原状态: MOU submitted
egaaa927,egaaa927,Tiktok,,L2,服饰穿搭 / 时尚饰品,,,,2026-01-15,在合作,0,155.5,70,Y,Y,N,,中,跟进交付和发布时间,,,2026-03-18批量初筛：主要依据账号命名/公开定位与历史合作SPU（1234 / 1224 / 1132）完成第一版归档，建议后续抽查近期视频再细化。 | 原状态: MOU submitted
egapuspasahya,egapuspasahya,Tiktok,,L2,美发造型 / 美发工具,,,,2026-02-09,在合作,0,138.0,45,Y,Y,N,,中,跟进交付和发布时间,,,2026-03-18批量初筛：主要依据账号命名/公开定位与历史合作SPU（4016 / 4022 / 4002）完成第一版归档，建议后续抽查近期视频再细化。 | 原状态: Pending MOU
spill.byria,fbyria♥︎,Tiktok,,L2,服饰穿搭 / 时尚饰品,304.22,304.22,304.22,2026-01-05,在合作,0,83.5,80,Y,Y,N,,中,跟进交付和发布时间,,,2026-03-18初筛：Bio 是 Girl things need，整体是女生向穿搭和好物号，结合历史合作更适合 Sparco 的少女系饰品推荐。 | 原状态: Pending publish review
feltsoblue,feltsoblue,Tiktok,,L2,美发造型 / 美发工具,,,,2025-09-24,在合作,0,89.5,183,Y,Y,N,,中,跟进交付和发布时间,,,2026-03-18批量初筛：主要依据账号命名/公开定位与历史合作SPU（4017 / 4005 / 4002）完成第一版归档，建议后续抽查近期视频再细化。 | 原状态: MOU submitted
femalevogue11,femalevogue11,Tiktok,,L2,美妆护肤 / 护肤品,,,,2025-12-12,在合作,0,,104,Y,Y,N,,中,跟进交付和发布时间,,,2026-03-18批量初筛：主要依据账号命名/公开定位与历史合作SPU（5016 / 2104）完成第一版归档，建议后续抽查近期视频再细化。 | 原状态: MOU submitted
fitri_id18,fitri_id18,Tiktok,,L2,服饰穿搭 / 时尚饰品,680.78,680.78,680.78,2026-01-30,在合作,0,161.0,55,Y,Y,N,,中,跟进交付和发布时间,,,2026-03-18批量初筛：主要依据账号命名/公开定位与历史合作SPU（1384 / 1126 / 1231）完成第一版归档，建议后续抽查近期视频再细化。 | 原状态: MOU submitted
hai.mom_store,hai.mom_store,Tiktok,,L2,家居生活,,,,2026-02-04,在合作,0,187.5,50,Y,Y,N,,中,跟进交付和发布时间,,,2026-03-18批量初筛：主要依据账号命名/公开定位与历史合作SPU（2043 / 2080 / 2046）完成第一版归档，建议后续抽查近期视频再细化。 | 原状态: Pending MOU
haulbyping,haulbyping,Tiktok,,L2,服饰穿搭 / 时尚饰品,,,,2025-10-15,在合作,0,48.0,162,Y,Y,N,,中,跟进交付和发布时间,,,2026-03-18批量初筛：主要依据账号命名/公开定位与历史合作SPU（2237 / 1365 / SP-BB3-013）完成第一版归档，建议后续抽查近期视频再细化。 | 原状态: Pending publish review
hendra.anjar,hendra.anjar,Tiktok,,L2,泛生活种草 / 家居生活,1026.93,1026.93,1026.93,2025-12-11,在合作,0,48.8,105,Y,Y,N,,中,跟进交付和发布时间,,,2026-03-18批量初筛：主要依据账号命名/公开定位与历史合作SPU（2104 / 2043 / 2182 / 2174 / 2005）完成第一版归档，建议后续抽查近期视频再细化。 | 原状态: Pending MOU
herewitheca,here with eca⋆୨୧˚,Tiktok,,L2,服饰穿搭 / 美发工具,2186.59,2186.59,2186.59,2026-02-11,在合作,0,59.5,43,Y,Y,N,,中,跟进交付和发布时间,,,2026-03-18初筛：Bio 直接写 sharing my favorite finds、fashion & beauty，结合历史合作主要集中在 Stypro 线，适合穿搭美女向的美发工具种草。 | 原状态: MOU submitted
herewitheca.,herewitheca.,Tiktok,,L2,服饰穿搭 / 美发工具,,,,2025-11-17,在合作,0,34.0,129,Y,Y,N,,中,跟进交付和发布时间,,,2026-03-18初筛：当前这个旧主页地址已失效，结合同系列账号 herewitheca 的公开内容与历史 SPU，仍可归为时尚女生向的 Stypro 种草号。 | 原状态: MOU submitted
holevest,holevest,Tiktok,,L2,美发造型 / 美发工具,1208.98,1208.98,1208.98,2026-02-11,在合作,0,76.5,43,Y,Y,N,,中,跟进交付和发布时间,,,2026-03-18初筛：Bio 明确含 Beauty | Hair | Fashion，近期视频连续在做 portable catokan、catokan uap、hair tools pouch 与 hair routine，属于高适配 Stypro 的美发账号。 | 原状态: MOU submitted
hullapii,hullapii,Tiktok,,L2,服饰穿搭 / 时尚饰品,99.56,99.56,99.56,2026-01-29,在合作,0,108.5,56,Y,Y,N,,中,跟进交付和发布时间,,,2026-03-18批量初筛：主要依据账号命名/公开定位与历史合作SPU（1384 / 2031 / 1012）完成第一版归档，建议后续抽查近期视频再细化。 | 原状态: MOU submitted
hyori_collections,hyori_collections,Tiktok,,L2,美发造型 / 美发工具,,,,2025-09-29,在合作,0,43.5,178,Y,Y,N,,中,跟进交付和发布时间,,,2026-03-18批量初筛：主要依据账号命名/公开定位与历史合作SPU（4007 / 4008 / 4002 / 4005 / 4006）完成第一版归档，建议后续抽查近期视频再细化。 | 原状态: MOU submitted
iky_mubarak,iky_mubarak,Tiktok,,L2,泛生活种草 / 家居生活,,,,2025-11-27,在合作,0,59.0,119,Y,Y,N,,中,跟进交付和发布时间,,,2026-03-18批量初筛：主要依据账号命名/公开定位与历史合作SPU（2269 / 2141 / 2237 / 2104）完成第一版归档，建议后续抽查近期视频再细化。 | 原状态: MOU submitted
iniziraajuga,iniziraajuga,Tiktok,,L2,服饰穿搭 / 时尚饰品,,,,2025-12-24,在合作,0,84.0,92,Y,Y,N,,中,跟进交付和发布时间,,,2026-03-18批量初筛：主要依据账号命名/公开定位与历史合作SPU（1231 / SP-BB3-013）完成第一版归档，建议后续抽查近期视频再细化。 | 原状态: MOU submitted
itsmeclysta,itsmeclysta,Tiktok,,L2,泛生活种草 / 家居生活,,,,2026-02-05,在合作,0,71.5,49,Y,Y,N,,中,跟进交付和发布时间,,,2026-03-18批量初筛：主要依据账号命名/公开定位与历史合作SPU（2244 / 2243 / 1231）完成第一版归档，建议后续抽查近期视频再细化。 | 原状态: MOU submitted
jocelynabigail_,jocelynabigail_,Tiktok,,L2,泛生活种草 / 家居生活,,,,2025-09-15,在合作,0,44.5,192,Y,Y,N,,中,跟进交付和发布时间,,,2026-03-18批量初筛：主要依据账号命名/公开定位与历史合作SPU（2027 / 2190 / 2132）完成第一版归档，建议后续抽查近期视频再细化。 | 原状态: MOU submitted
johanasra77,johanasra77,Tiktok,,L2,泛生活种草 / 家居生活,,,,2025-09-19,在合作,0,159.0,188,Y,Y,N,,中,跟进交付和发布时间,,,2026-03-18批量初筛：主要依据账号命名/公开定位与历史合作SPU（2131 / 2011）完成第一版归档，建议后续抽查近期视频再细化。 | 原状态: MOU submitted
jordionsu.official.,jordionsu.official.,Tiktok,,L2,美发造型 / 美发工具,,,,2025-10-09,在合作,0,6.5,168,Y,Y,N,,中,跟进交付和发布时间,,,2026-03-18批量初筛：主要依据账号命名/公开定位与历史合作SPU（4002 / 4005 / 4006 / 4007 / 4008 / 4017 / 4022）完成第一版归档，建议后续抽查近期视频再细化。 | 原状态: MOU submitted
joy.family.88,joy.family.88,Tiktok,,L2,家居生活,306,306,306,2025-12-16,在合作,0,82.5,100,Y,Y,N,,中,跟进交付和发布时间,,,2026-03-18批量初筛：主要依据账号命名/公开定位与历史合作SPU（2254 / 2011 / 2043）完成第一版归档，建议后续抽查近期视频再细化。 | 原状态: Pending MOU
jsp.mrg,jsp.mrg,Tiktok,,L2,服饰穿搭 / 时尚饰品,,,,2025-12-01,在合作,0,61.5,115,Y,Y,N,,中,跟进交付和发布时间,,,2026-03-18批量初筛：主要依据账号命名/公开定位与历史合作SPU（2269 / 1341 / 1231）完成第一版归档，建议后续抽查近期视频再细化。 | 原状态: MOU submitted
junewita,junewita🪞🎀🫧🛍️,Tiktok,,L2,开箱种草 / 时尚饰品,86.48,86.48,86.48,2026-02-09,在合作,0,45.3,45,Y,Y,N,,中,跟进交付和发布时间,,,2026-03-18初筛：Bio 写 review yang viral-viral，账号偏热门单品 review，结合历史合作 SPU 都在 Sparco 饰品线，更适合饰品种草。 | 原状态: Pending publish review
justalittlegurl___,justalittlegurl___,Tiktok,,L2,泛生活种草 / 家居生活,944.81,944.81,944.81,2026-02-06,在合作,0,46.5,48,Y,Y,N,,中,跟进交付和发布时间,,,2026-03-18批量初筛：主要依据账号命名/公开定位与历史合作SPU（2138 / 2104 / 2141）完成第一版归档，建议后续抽查近期视频再细化。 | 原状态: MOU submitted
kangnizarofficial,kangnizarofficial,Tiktok,,L2,泛生活种草 / 家居生活,522.35,522.35,522.35,2025-12-18,在合作,0,74.0,98,Y,Y,N,,中,跟进交付和发布时间,,,2026-03-18批量初筛：主要依据账号命名/公开定位与历史合作SPU（2254 / 2104 / 2011）完成第一版归档，建议后续抽查近期视频再细化。 | 原状态: Pending MOU
ko.ony96,ko.ony96,Tiktok,,L2,泛生活种草 / 家居生活,242.7,242.7,242.7,2025-07-29,在合作,0,19.0,240,Y,Y,N,,中,跟进交付和发布时间,,,2026-03-18批量初筛：主要依据账号命名/公开定位与历史合作SPU（2182 / 2104 / 2004 / 2032 / 2174）完成第一版归档，建议后续抽查近期视频再细化。 | 原状态: Pending publish review
lellysalmaa,lellysalmaa,Tiktok,,L2,泛生活种草 / 家居生活,,,,2025-11-10,在合作,0,45.3,136,Y,Y,N,,中,跟进交付和发布时间,,,2026-03-18批量初筛：主要依据账号命名/公开定位与历史合作SPU（2253 / 2032 / 2031）完成第一版归档，建议后续抽查近期视频再细化。 | 原状态: MOU submitted
lestari.lbs,lestari.lbs,Tiktok,,L2,泛生活种草 / 家居生活,51.4,51.4,51.4,2025-06-20,在合作,0,103.0,279,Y,Y,N,,中,跟进交付和发布时间,,,2026-03-18批量初筛：主要依据账号命名/公开定位与历史合作SPU（2141 / 2034 / 2126 / 2062）完成第一版归档，建议后续抽查近期视频再细化。 | 原状态: MOU submitted
liis.__,liis.__,Tiktok,,L2,服饰穿搭 / 时尚饰品,,,,2026-02-02,在合作,0,104.5,52,Y,Y,N,,中,跟进交付和发布时间,,,2026-03-18批量初筛：主要依据账号命名/公开定位与历史合作SPU（1231 / SP-BB3-013）完成第一版归档，建议后续抽查近期视频再细化。 | 原状态: Pending publish review
meydychairany,meydychairany,Tiktok,,L2,泛生活种草 / 家居生活,,,,2025-10-14,在合作,0,110.0,163,Y,Y,N,,中,跟进交付和发布时间,,,2026-03-18批量初筛：主要依据账号命名/公开定位与历史合作SPU（2104 / 2174 / 2032 / 2058）完成第一版归档，建议后续抽查近期视频再细化。 | 原状态: MOU submitted
monchhild.,monchhild.,Tiktok,,L2,美发造型 / 美发工具,,,,2025-11-20,在合作,0,53.3,126,Y,Y,N,,中,跟进交付和发布时间,,,2026-03-18批量初筛：主要依据账号命名/公开定位与历史合作SPU（4017 / 4005 / 4007 / 4006）完成第一版归档，建议后续抽查近期视频再细化。 | 原状态: MOU submitted
nadillayudithp,nadillayudithp,Tiktok,,L2,美发造型 / 美发工具,,,,2025-12-02,在合作,0,25.0,114,Y,Y,N,,中,跟进交付和发布时间,,,2026-03-18批量初筛：主要依据账号命名/公开定位与历史合作SPU（4019 / 4022 / 4005 / 4009）完成第一版归档，建议后续抽查近期视频再细化。 | 原状态: MOU submitted
nanique_89,nanique_89,Tiktok,,L2,服饰穿搭 / 时尚饰品,,,,2025-08-26,在合作,0,87.3,212,Y,Y,N,,中,跟进交付和发布时间,,,2026-03-18批量初筛：主要依据账号命名/公开定位与历史合作SPU（2131 / 1231 / 1102 / SP-BB3-013 / SP-BB3-008-NEW）完成第一版归档，建议后续抽查近期视频再细化。 | 原状态: Pending MOU
neng_wulwul,neng_wulwul,Tiktok,,L2,泛生活种草 / 家居生活,136.46,136.46,136.46,2026-01-13,在合作,0,104.5,72,Y,Y,N,,中,跟进交付和发布时间,,,2026-03-18批量初筛：主要依据账号命名/公开定位与历史合作SPU（2266 / 2043 / 2175 / 2237 / 2032 / 2104）完成第一版归档，建议后续抽查近期视频再细化。 | 原状态: MOU submitted
novaliawilly,novaliawilly,Tiktok,,L2,泛生活种草 / 家居生活,,,,2025-08-15,在合作,0,29.0,223,Y,Y,N,,中,跟进交付和发布时间,,,2026-03-18批量初筛：主要依据账号命名/公开定位与历史合作SPU（2175 / 2184 / 2178 / 2031）完成第一版归档，建议后续抽查近期视频再细化。 | 原状态: Pending publish review
novitarzq,novita,Tiktok,,L2,家居生活,105.44,105.44,105.44,2025-11-03,在合作,0,44.2,143,Y,Y,N,,中,跟进交付和发布时间,,,2026-03-18初筛：Bio 明确是 room | desk | cute stuff | dailylife，主页长期在做桌面和房间小物种草，适合 LetMe 的家居生活线。 | 原状态: Pending publish review
nuraghnia20,nuraghnia20,Tiktok,,L2,服饰穿搭 / 时尚饰品,265.33,265.33,265.33,2025-11-11,在合作,0,166.0,135,Y,Y,N,,中,跟进交付和发布时间,,,2026-03-18批量初筛：主要依据账号命名/公开定位与历史合作SPU（1224 / 1339 / 1102 / 1003）完成第一版归档，建议后续抽查近期视频再细化。 | 原状态: MOU submitted
nusa.bikin.konten,nusa.bikin.konten,Tiktok,,L2,泛生活种草 / 家居生活,,,,2026-01-13,在合作,0,245.5,72,Y,Y,N,,中,跟进交付和发布时间,,,2026-03-18批量初筛：主要依据账号命名/公开定位与历史合作SPU（2253 / 2131 / 2178 / 2011 / 2031）完成第一版归档，建议后续抽查近期视频再细化。 | 原状态: MOU submitted
nvta540,nvta540,Tiktok,,L2,服饰穿搭 / 时尚饰品,,,,2025-08-21,在合作,0,90.0,217,Y,Y,N,,中,跟进交付和发布时间,,,2026-03-18批量初筛：主要依据账号命名/公开定位与历史合作SPU（1231 / SP-BB3-013 / 1224）完成第一版归档，建议后续抽查近期视频再细化。 | 原状态: Pending publish review
officialsang9,officialsang9,Tiktok,,L2,泛生活种草 / 家居生活,629.71,629.71,629.71,2026-02-16,在合作,0,142.0,38,Y,Y,N,,中,跟进交付和发布时间,,,2026-03-18批量初筛：主要依据账号命名/公开定位与历史合作SPU（2011 / 2254 / 2043 / 2005）完成第一版归档，建议后续抽查近期视频再细化。 | 原状态: MOU submitted
shopbyola,ola disinii,Tiktok,,L2,美发造型 / 美发工具,,,,2025-07-24,在合作,0,31.5,245,Y,Y,N,,中,跟进交付和发布时间,,,2026-03-18初筛：Bio 虽然偏泛女生好物，但历史合作 SPU 全部集中在 Stypro 线，适合做甜妹向美发工具种草。 | 原状态: MOU submitted
omkage.ok,omkage.ok,Tiktok,,L2,泛生活种草 / 家居生活,,,,2025-12-12,在合作,0,78.0,104,Y,Y,N,,中,跟进交付和发布时间,,,2026-03-18批量初筛：主要依据账号命名/公开定位与历史合作SPU（2104 / 2032 / 2141）完成第一版归档，建议后续抽查近期视频再细化。 | 原状态: MOU submitted
only1_storee,only1_storee,Tiktok,,L2,服饰穿搭 / 时尚饰品,55.74,55.74,55.74,2025-12-31,在合作,0,157.0,85,Y,Y,N,,中,跟进交付和发布时间,,,2026-03-18批量初筛：主要依据账号命名/公开定位与历史合作SPU（1135 / SP-AA1-001 / SP-AB1-002 / 1102）完成第一版归档，建议后续抽查近期视频再细化。 | 原状态: Pending publish review
originalhouseware,originalhouseware,Tiktok,,L2,家居生活,,,,2025-08-21,在合作,0,76.5,217,Y,Y,N,,中,跟进交付和发布时间,,,2026-03-18批量初筛：主要依据账号命名/公开定位与历史合作SPU（2131 / 2005 / 2059）完成第一版归档，建议后续抽查近期视频再细化。 | 原状态: Pending publish review
piijaaahh_,piijaaahh_,Tiktok,,L2,泛生活种草 / 家居生活,183.96,183.96,183.96,2026-01-07,在合作,0,58.3,78,Y,Y,N,,中,跟进交付和发布时间,,,2026-03-18批量初筛：主要依据账号命名/公开定位与历史合作SPU（2005 / 2253 / 2141 / 2132 / 2138）完成第一版归档，建议后续抽查近期视频再细化。 | 原状态: Pending MOU
pramuditans,pramuditans,Tiktok,,L2,服饰穿搭 / 时尚饰品,1133.92,1133.92,1133.92,2026-01-22,在合作,0,59.5,63,Y,Y,N,,中,跟进交付和发布时间,,,2026-03-18批量初筛：主要依据账号命名/公开定位与历史合作SPU（1234 / 1339 / 1231）完成第一版归档，建议后续抽查近期视频再细化。 | 原状态: Pending publish review
prawatyac,prawatyac,Tiktok,,L2,泛生活种草 / 家居生活,999.95,999.95,999.95,2025-10-14,在合作,0,185.0,163,Y,Y,N,,中,跟进交付和发布时间,,,2026-03-18批量初筛：主要依据账号命名/公开定位与历史合作SPU（2132 / 2141 / 2032）完成第一版归档，建议后续抽查近期视频再细化。 | 原状态: MOU submitted
racun.epple,racun.epple,Tiktok,,L2,泛生活种草 / 家居生活,,,,2025-08-20,在合作,0,9.5,218,Y,Y,N,,中,跟进交付和发布时间,,,2026-03-18批量初筛：主要依据账号命名/公开定位与历史合作SPU（2132 / 2104 / 5002）完成第一版归档，建议后续抽查近期视频再细化。 | 原状态: MOU submitted
raseli_.quinzy,raseli_.quinzy,Tiktok,,L2,服饰穿搭 / 时尚饰品,,,,2025-10-21,在合作,0,114.5,156,Y,Y,N,,中,跟进交付和发布时间,,,2026-03-18批量初筛：主要依据账号命名/公开定位与历史合作SPU（1231 / 1339 / 1132 / 1044）完成第一版归档，建议后续抽查近期视频再细化。 | 原状态: Pending review
revilstudio.id,revilstudio.id,Tiktok,,L2,泛生活种草 / 家居生活,,,,2025-12-12,在合作,0,33.0,104,Y,Y,N,,中,跟进交付和发布时间,,,2026-03-18批量初筛：主要依据账号命名/公开定位与历史合作SPU（2104 / 2254 / 2011 / 2182 / 2131）完成第一版归档，建议后续抽查近期视频再细化。 | 原状态: MOU submitted
ciriezna,riezna,Tiktok,,L2,服饰穿搭 / 时尚饰品,1187.38,1187.38,1187.38,2026-02-09,在合作,0,112.7,45,Y,Y,N,,中,跟进交付和发布时间,,,2026-03-18初筛：Bio 明确是 Beauty & Fashion，结合历史合作 SPU 主要集中在 Sparco 饰品线，更适合做穿搭型饰品种草。 | 原状态: MOU submitted
rill.id29,rill.id29,Tiktok,,L2,服饰穿搭 / 时尚饰品,326.38,326.38,326.38,2025-10-13,在合作,0,107.0,164,Y,Y,N,,中,跟进交付和发布时间,,,2026-03-18批量初筛：主要依据账号命名/公开定位与历史合作SPU（2005 / 1231 / 1102）完成第一版归档，建议后续抽查近期视频再细化。 | 原状态: MOU submitted
rinaagustine11,rinaagustine11,Tiktok,,L2,饰品分享 / 时尚饰品,175.91,175.91,175.91,2026-02-09,在合作,0,20.8,45,Y,Y,N,,中,跟进交付和发布时间,,,2026-03-18初筛：置顶内容高度集中在 titanium ring set、订婚戒指和送礼场景，文案也常带 ide kado cewek，适合 Sparco。 | 原状态: Pending publish review
rizkiaa__,rizkiaa__,Tiktok,,L2,泛生活种草 / 家居生活,,,,2026-01-17,在合作,0,38.0,68,Y,Y,N,,中,跟进交付和发布时间,,,2026-03-18批量初筛：主要依据账号命名/公开定位与历史合作SPU（2253 / 1231 / 2243）完成第一版归档，建议后续抽查近期视频再细化。 | 原状态: Pending MOU
vallegallery.id,rizkiafsari,Tiktok,,L2,服饰穿搭 / 时尚饰品,74.44,74.44,74.44,2026-01-23,在合作,0,68.5,62,Y,Y,N,,中,跟进交付和发布时间,,,2026-03-18初筛：Bio 直接写 Fashion，账号是典型穿搭展示号，结合历史合作 SPU 为 Sparco 线，适合饰品搭配合作。 | 原状态: MOU submitted
second_pza,second_pza,Tiktok,,L2,服饰穿搭 / 时尚饰品,76.15,76.15,76.15,2025-10-20,在合作,0,99.5,157,Y,Y,N,,中,跟进交付和发布时间,,,2026-03-18批量初筛：主要依据账号命名/公开定位与历史合作SPU（1231 / 1012）完成第一版归档，建议后续抽查近期视频再细化。 | 原状态: MOU submitted
sellymrslina26,sellymrslina26,Tiktok,,L2,服饰穿搭 / 时尚饰品,,,,2025-10-24,在合作,0,90.7,153,Y,Y,N,,中,跟进交付和发布时间,,,2026-03-18批量初筛：主要依据账号命名/公开定位与历史合作SPU（1231 / SP-BB3-013 / 1132）完成第一版归档，建议后续抽查近期视频再细化。 | 原状态: MOU submitted
shinjoyaa,shinjoyaa,Tiktok,,L2,服饰穿搭 / 时尚饰品,108.46,108.46,108.46,2026-01-21,在合作,0,205.0,64,Y,Y,N,,中,跟进交付和发布时间,,,2026-03-18批量初筛：主要依据账号命名/公开定位与历史合作SPU（2032 / 1231 / SP-BB3-013 / SP-BB3-008-NEW）完成第一版归档，建议后续抽查近期视频再细化。 | 原状态: MOU submitted
sophiechive,sofi 𐙚,Tiktok,,L2,服饰穿搭 / 时尚饰品,,,,2025-10-28,在合作,0,165.5,149,Y,Y,N,,中,跟进交付和发布时间,,,"2026-03-18初筛：Bio 明确是 fashion, beauty, and aesthetic stuff，风格精致少女，适合 Sparco 做穿搭饰品种草。 | 原状态: MOU submitted"
summer_blush0,summer_blush0,Tiktok,,L2,泛生活种草 / 家居生活,55.04,55.04,55.04,2025-09-02,在合作,0,81.7,205,Y,Y,N,,中,跟进交付和发布时间,,,2026-03-18批量初筛：主要依据账号命名/公开定位与历史合作SPU（1231 / 2138 / 2034 / 2080）完成第一版归档，建议后续抽查近期视频再细化。 | 原状态: Pending publish review
sye.stuff,sye ⋆˚🍒𐙚⋆˚,Tiktok,,L2,美妆护肤 / 时尚饰品,45.45,45.45,45.45,2025-11-17,在合作,0,111.0,129,Y,Y,N,,中,跟进交付和发布时间,,,2026-03-18初筛：Bio 写 everything | beauty | makeup，内容是女生变美向种草；结合历史合作 SPU 为 Sparco 饰品线，适合美妆人群里的饰品搭配合作。 | 原状态: Pending MOU
taurean194,taurean194,Tiktok,,L2,服饰穿搭 / 时尚饰品,530.2,530.2,530.2,2026-01-21,在合作,0,92.0,64,Y,Y,N,,中,跟进交付和发布时间,,,2026-03-18批量初筛：主要依据账号命名/公开定位与历史合作SPU（1384 / 1231 / 2132 / 1132 / 1260）完成第一版归档，建议后续抽查近期视频再细化。 | 原状态: MOU submitted
tehhobengg,tehhobengg,Tiktok,,L2,服饰穿搭 / 时尚饰品,,,,2026-01-14,在合作,0,90.5,71,Y,Y,N,,中,跟进交付和发布时间,,,2026-03-18批量初筛：主要依据账号命名/公开定位与历史合作SPU（4019 / 1231 / SP-BB3-013）完成第一版归档，建议后续抽查近期视频再细化。 | 原状态: MOU submitted
teteh.rai,teteh.rai,Tiktok,,L2,泛生活种草 / 家居生活,,,,2025-12-14,在合作,0,73.0,102,Y,Y,N,,中,跟进交付和发布时间,,,2026-03-18批量初筛：主要依据账号命名/公开定位与历史合作SPU（2104 / 2253 / 2034）完成第一版归档，建议后续抽查近期视频再细化。 | 原状态: MOU submitted
tiarasabirin6,tiarasabirin6,Tiktok,,L2,服饰穿搭 / 时尚饰品,,,,2025-11-17,在合作,0,73.0,129,Y,Y,N,,中,跟进交付和发布时间,,,2026-03-18批量初筛：主要依据账号命名/公开定位与历史合作SPU（2237 / 1231 / 1339）完成第一版归档，建议后续抽查近期视频再细化。 | 原状态: MOU submitted
emakhobijualan,tita,Tiktok,,L2,泛生活种草 / 家居生活,2489.02,2489.02,2489.02,2025-11-12,在合作,0,48.6,134,Y,Y,N,,中,跟进交付和发布时间,,,2026-03-18初筛：主页无明确 Bio，但账号名称和历史合作 SPU 都更偏家庭实用品/泛生活带货，先归到 LetMe 线，后续可复核内容细分。 | 原状态: MOU submitted
tyararestari,tyararestari,Tiktok,,L2,美发造型 / 美发工具,0,0,0,2026-02-11,在合作,0,118.5,43,Y,Y,N,,中,跟进交付和发布时间,,,2026-03-18批量初筛：主要依据账号命名/公开定位与历史合作SPU（4016 / 4008 / 4006）完成第一版归档，建议后续抽查近期视频再细化。 | 原状态: Pending MOU
ucinoviaa,uciiyyy 𝜗ৎ,Tiktok,,L2,泛生活种草 / 家居生活,988.91,988.91,988.91,2026-02-05,在合作,0,55.7,49,Y,Y,N,,中,跟进交付和发布时间,,,2026-03-17初筛：账号风格偏可爱少女系，近期内容多为粉色家居、tumbler、数码小物和节日穿搭。 | 原状态: MOU submitted
ulwahmardiah14,ulwahmardiah14,Tiktok,,L2,泛生活种草 / 家居生活,157.36,157.36,157.36,2026-01-07,在合作,0,17.5,78,Y,Y,N,,中,跟进交付和发布时间,,,2026-03-18初筛：Bio 写 Everything cute & pink / Mom & baby，置顶内容高度集中在 tumbler 与日常实用好物推荐，适合 LetMe 的家庭与轻家居场景。 | 原状态: MOU submitted
unkno0wnzz,unkno0wnzz,Tiktok,,L2,美发造型 / 美发工具,0,0,0,2025-08-12,在合作,0,27.0,226,N,Y,N,,中,跟进交付和发布时间,,,2026-03-18批量初筛：主要依据账号命名/公开定位与历史合作SPU（4002 / 4005 / 4006）完成第一版归档，建议后续抽查近期视频再细化。 | 原状态: MOU submitted
vanirazoan,vanirazoan,Tiktok,,L2,服饰穿搭 / 时尚饰品,1011.95,1011.95,1011.95,2026-01-19,在合作,0,64.2,66,Y,Y,N,,中,跟进交付和发布时间,,,2026-03-18批量初筛：主要依据账号命名/公开定位与历史合作SPU（SP-BA1-005-01 / 1377 / 2031 / 2135 / SP-BB3-013 / 1339 / 1121 / 1132）完成第一版归档，建议后续抽查近期视频再细化。 | 原状态: MOU submitted
veur.id,veur.id,Tiktok,,L2,美发造型 / 美发工具,7023.96,7023.96,7023.96,2026-02-04,在合作,0,65.5,50,Y,Y,N,,中,跟进交付和发布时间,,,2026-03-18批量初筛：主要依据账号命名/公开定位与历史合作SPU（4008 / 4006 / 4022）完成第一版归档，建议后续抽查近期视频再细化。 | 原状态: MOU submitted
viollytea.,viollytea.,Tiktok,,L2,美发造型 / 美发工具,,,,2025-11-14,在合作,0,31.0,132,Y,Y,N,,中,跟进交付和发布时间,,,2026-03-18初筛：当前主页已失效，但历史合作 SPU 全部集中在 Stypro 线，可先按美发工具达人归档，后续如找到新主页再复核。 | 原状态: MOU submitted
yuliamandap,yuliamandap,Tiktok,,L2,服饰穿搭 / 时尚饰品,357.69,357.69,357.69,2026-01-19,在合作,0,55.2,66,Y,Y,N,,中,跟进交付和发布时间,,,2026-03-18初筛：Bio 写 Fashion | aksesoris | random stuff，置顶和近期内容包含 custom initial bracelet 与日常搭配饰品，适合 Sparco 的穿搭型种草。 | 原状态: MOU submitted
zarra_felly7,zarra_felly7,Tiktok,,L2,服饰穿搭 / 时尚饰品,,,,2025-05-16,在合作,0,59.0,314,Y,Y,N,,中,跟进交付和发布时间,,,2026-03-18批量初筛：主要依据账号命名/公开定位与历史合作SPU（1347 / 1135 / 1012 / 1132 / 1102 / 1215 / 1264）完成第一版归档，建议后续抽查近期视频再细化。 | 原状态: Pending MOU
madebymrse,𝑴𝒂𝒓𝒊𝒔𝒂𝒆,Tiktok,,L2,美妆护肤 / 护肤品,,,,2025-10-27,在合作,0,70.5,150,Y,Y,N,,中,跟进交付和发布时间,,,"2026-03-18初筛：Bio 直接写 Skin care, Make up & Other racun，账号主线非常清楚是护肤和彩妆种草，适合 ICYEE 的基础护肤线。 | 原状态: Pending publish review"
yellowc_,yellow🐣,Tiktok,,L3,美妆护肤 / 护肤品,,,,2026-03-10,不在合作,1,177.0,16,N,N,N,,中,补充选品并发起合作,,,2026-03-18初筛：Bio 里有多个美妆护肤品牌 BA 身份，账号整体是女生变美向内容，适合 ICYEE 的护肤线种草。 | 原状态: Review rejected
anisathohiriyah,anisathohiriyah,Tiktok,,L3,美妆护肤 / 护肤品,,,,2025-07-02,在合作,0,11.5,267,Y,N,N,,中,跟进交付和发布时间,,,2026-03-18批量初筛：主要依据账号命名/公开定位与历史合作SPU（1231 / 1339 / 5000 / 5002 / 5003 / 5004 / 5001 / 5007 / 5005 / 5006）完成第一版归档，建议后续抽查近期视频再细化。 | 原状态: Pending MOU
aureliafw,aureliafw | all about blush ♡,Tiktok,,L3,美妆护肤 / 护肤品,,,,2025-11-27,在合作,0,90.0,119,Y,N,N,,中,跟进交付和发布时间,,,2026-03-18初筛：Bio 明确是 beauty | travel | haul，播放列表长期围绕 contour、highlighter、C-Beauty、J-Beauty 和 medicube 护肤仪内容，适合 ICYEE 的护肤种草。 | 原状态: Pending MOU
cicik.review,cicik.review,Tiktok,,L3,家居生活,,,,2025-11-24,在合作,0,45.5,122,Y,N,N,,中,跟进交付和发布时间,,,2026-03-18批量初筛：主要依据账号命名/公开定位与历史合作SPU（2269 / 2043 / 4005）完成第一版归档，建议后续抽查近期视频再细化。 | 原状态: Pending MOU
gabriel.vitrani,gabriel.vitrani,Tiktok,,L3,服饰穿搭 / 时尚饰品,,,,2025-02-03,在合作,0,4.5,416,Y,N,N,,中,跟进交付和发布时间,,,2026-03-18批量初筛：主要依据账号命名/公开定位与历史合作SPU（1132 / 1215 / SP-BA3-007-5C）完成第一版归档，建议后续抽查近期视频再细化。 | 原状态: MOU submitted
hanicann,hanicann,Tiktok,,L3,美妆护肤 / 护肤品,,,,2025-11-05,在合作,0,3.5,141,Y,N,N,,中,跟进交付和发布时间,,,2026-03-18批量初筛：主要依据账号命名/公开定位与历史合作SPU（5015 / 5013 / 5014）完成第一版归档，建议后续抽查近期视频再细化。 | 原状态: MOU submitted
hennni,hennni,Tiktok,,L3,泛生活种草 / 家居生活,,,,2025-11-03,在合作,0,75.0,143,Y,N,N,,中,跟进交付和发布时间,,,2026-03-18批量初筛：主要依据账号命名/公开定位与历史合作SPU（2253 / 1231 / 4002）完成第一版归档，建议后续抽查近期视频再细化。 | 原状态: MOU submitted
heytayooo7,heytayooo7,Tiktok,,L3,泛生活种草 / 家居生活,,,,2024-08-29,在合作,0,1.0,574,Y,N,N,,中,跟进交付和发布时间,,,2026-03-18批量初筛：主要依据账号命名/公开定位与历史合作SPU（2037 / 2015 / 2020 / 2046）完成第一版归档，建议后续抽查近期视频再细化。 | 原状态: Pending MOU
ichaaapedehh,ichaaapedehh,Tiktok,,L3,服饰穿搭 / 时尚饰品,,,,2024-10-15,在合作,0,25.0,527,Y,N,N,,中,跟进交付和发布时间,,,2026-03-18批量初筛：主要依据账号命名/公开定位与历史合作SPU（1002 / 1003 / 1120 / 1127 / 1058 / 1072 / 1132 / 1043 / 1044 / 1045）完成第一版归档，建议后续抽查近期视频再细化。 | 原状态: MOU submitted
itsmestasi,itsmestasi,Tiktok,,L3,服饰穿搭 / 时尚饰品,126.65,126.65,126.65,2025-11-11,在合作,0,79.0,135,Y,N,N,,中,跟进交付和发布时间,,,2026-03-18批量初筛：主要依据账号命名/公开定位与历史合作SPU（1231 / 4002）完成第一版归档，建议后续抽查近期视频再细化。 | 原状态: MOU submitted
nalaaa.f,nalaaa.f,Tiktok,,L3,美妆护肤 / 护肤品,,,,2025-10-14,在合作,0,103.0,163,Y,N,N,,中,跟进交付和发布时间,,,2026-03-18批量初筛：主要依据账号命名/公开定位与历史合作SPU（5015 / 5013 / 1231）完成第一版归档，建议后续抽查近期视频再细化。 | 原状态: Pending publish review
qianashf,qianashf,Tiktok,,L3,服饰穿搭 / 时尚饰品,,,,2025-10-13,在合作,0,101.5,164,Y,N,N,,中,跟进交付和发布时间,,,2026-03-18批量初筛：主要依据账号命名/公开定位与历史合作SPU（5003 / 1231 / 1132）完成第一版归档，建议后续抽查近期视频再细化。 | 原状态: Pending publish review
racun.bylin,racun.bylin,Tiktok,,L3,泛生活种草 / 家居生活,,,,2024-10-17,在合作,0,0.7,525,Y,N,N,,中,跟进交付和发布时间,,,2026-03-18批量初筛：主要依据账号命名/公开定位与历史合作SPU（2011 / 2046）完成第一版归档，建议后续抽查近期视频再细化。 | 原状态: Pending MOU
sereya_ruth,sereya_ruth,Tiktok,,L3,服饰穿搭 / 时尚饰品,,,,2025-12-19,在合作,0,2.0,97,Y,N,N,,中,跟进交付和发布时间,,,2026-03-18批量初筛：主要依据账号命名/公开定位与历史合作SPU（1231）完成第一版归档，建议后续抽查近期视频再细化。 | 原状态: Pending publish review
srhhahaha05,srhhahaha05,Tiktok,,L3,美妆护肤 / 护肤品,,,,2025-09-30,在合作,0,53.0,177,Y,N,N,,中,跟进交付和发布时间,,,2026-03-18批量初筛：主要依据账号命名/公开定位与历史合作SPU（1126 / 2031 / 5001）完成第一版归档，建议后续抽查近期视频再细化。 | 原状态: Pending publish review
theycallmesah,theycallmesah,Tiktok,,L3,泛生活种草 / 家居生活,,,,2025-07-22,在合作,0,13.7,247,Y,N,N,,中,跟进交付和发布时间,,,2026-03-18批量初筛：主要依据账号命名/公开定位与历史合作SPU（2174 / 2005）完成第一版归档，建议后续抽查近期视频再细化。 | 原状态: MOU submitted
thisisalulaa,thisisalulaa,Tiktok,,L3,美妆护肤 / 护肤品,,,,2025-10-07,在合作,0,79.0,170,Y,N,N,,中,跟进交付和发布时间,,,2026-03-18批量初筛：主要依据账号命名/公开定位与历史合作SPU（2237 / 2104 / 5002 / 5003 / 5001）完成第一版归档，建议后续抽查近期视频再细化。 | 原状态: MOU submitted
urlv.ikaaa,urlv.ikaaa,Tiktok,,L3,服饰穿搭 / 时尚饰品,,,,2025-09-24,在合作,0,58.5,183,Y,N,N,,中,跟进交付和发布时间,,,2026-03-18批量初筛：主要依据账号命名/公开定位与历史合作SPU（1231 / 5001 / 1343）完成第一版归档，建议后续抽查近期视频再细化。 | 原状态: Pending MOU
wiwidrazak,wiwidrazak,Tiktok,,L3,服饰穿搭 / 时尚饰品,,,,2025-04-04,在合作,0,11.0,356,Y,N,N,,中,跟进交付和发布时间,,,2026-03-18批量初筛：主要依据账号命名/公开定位与历史合作SPU（1231 / 1224 / 1012 / 1132 / SP-BB3-013 / 4002）完成第一版归档，建议后续抽查近期视频再细化。 | 原状态: MOU submitted
celtryana,celtryana,,,L3,泛生活种草 / 家居生活,307.98,307.98,307.98,,不在合作,0,,,Y,N,N,,低,观察内容并建立联系,,,2026-03-18批量初筛：主要依据账号命名/公开定位与历史合作SPU（无）完成第一版归档，建议后续抽查近期视频再细化。
gabrielstevey,gabrielstevey,,,L3,泛生活种草 / 家居生活,,,,,不在合作,0,,,N,N,N,,低,观察内容并建立联系,,,2026-03-18批量初筛：主要依据账号命名/公开定位与历史合作SPU（无）完成第一版归档，建议后续抽查近期视频再细化。
imtheresiaaa,imtheresiaaa,Tiktok,,L3,美发造型 / 美发工具,,,,2026-01-30,不在合作,0,1.5,55,N,N,N,,低,观察内容并建立联系,,,2026-03-18批量初筛：主要依据账号命名/公开定位与历史合作SPU（4005 / 4002 / 4019）完成第一版归档，建议后续抽查近期视频再细化。 | 原状态: Review rejected
meditapriliana,meditapriliana,Tiktok,,L3,服饰穿搭 / 时尚饰品,,,,2024-10-31,不在合作,0,74.0,511,Y,N,N,,低,观察内容并建立联系,,,2026-03-18批量初筛：主要依据账号命名/公开定位与历史合作SPU（1012 / SP-BB3-008 / 1102 / SP-BA3-007 / 1045 / 1058）完成第一版归档，建议后续抽查近期视频再细化。 | 原状态: Published
