"kolId","合作次数","平台","主页链接","达人昵称","首次合作时间","最近合作时间","最近合作状态","最近跟进人","是否复投过","历史合作类型","历史合作SPU","内容一级标签","内容二级标签","内容形式标签","人设/风格标签","受众标签","带货一级类目","带货二级类目","适配品牌","转化形式","合作分层","是否已打标","打标依据链接","备注"
"hendynmelina","17","Tiktok","https://www.tiktok.com/@hendynmelina","Hendy & Melina","2025-03-26","2025-12-22","Pending MOU","lida","是","Video:17","2092 / 2258 / 2104 / 2237 / 2243 / 2210 / 2182 / 2141 / 2131 / 2178","家居生活","家庭实用","口播讲解","家庭实用型","家庭用户","家居生活","","LetMe","演示强","核心达人","已初筛","https://www.tiktok.com/@hendynmelina","2026-03-17初筛：主页与近期视频集中在居家实用好物、清洁收纳、厨房用品等家庭场景。"
"kameghome","13","Tiktok","https://www.tiktok.com/@kameghome","KAMEG","2025-02-08","2025-12-31","Pending MOU","lida","是","Video:14","2266 / 2104 / 2237 / 1341 / 2253 / 2141 / 2210 / 2132 / 2182 / 2005","家居生活","家庭实用","口播讲解","家庭实用型","家庭用户","家居生活","","LetMe","演示强","核心达人","已初筛","https://www.tiktok.com/@kameghome","2026-03-17初筛：账号简介直接写Home Living Enthusiast，近期内容集中在除湿机、清洁、香氛、实用家居。"
"kkkkkatties","12","Tiktok","https://www.tiktok.com/@kkkkkatties","kkkkkatties","2025-04-24","2026-03-09","Pending publish review","sely","是","Video:12","1396 / 1389 / 1231 / 1053 / 1384 / 1102 / 1012 / 1341 / 1377 / 1234","饰品分享","穿搭搭配","纯展示","甜美少女型","学生党","时尚饰品","手链","Sparco","种草强","核心达人","已初筛","https://www.tiktok.com/@kkkkkatties","2026-03-17初筛：账号简介与近期内容都以手链、戒指等饰品种草为主，已多次直接提及sparco。"
"kodenami","12","Tiktok","https://www.tiktok.com/@kodenami","Veronicasmjtk","2024-10-16","2026-03-03","MOU submitted","dewa","是","Video:12","4016 / 4018 / 2254 / 2258 / 2269 / 2237 / 2243 / 2131 / 2011 / 2082","泛生活种草","家庭实用","口播讲解","家庭实用型","家庭用户","家居生活","保温杯/水杯","LetMe / Sparco","短视频强","核心达人","已初筛","https://www.tiktok.com/@kodenami","2026-03-17初筛：账号自述什么都测，近期内容含tumbler、家居小物、耳饰与服饰，偏泛生活带货。"
"agustina_sintya","11","Tiktok","https://www.tiktok.com/@agustina_sintya","Yaya","2025-02-28","2026-02-11","MOU submitted","dewa","是","Video:11 / Reels:2","4016 / 4018 / 4006 / 4017 / 4005 / 4007 / 4002","美发造型","教程教学","现场演示","改造变美型","女性白领","美发工具","直发梳","Stypro","教程强","核心达人","已初筛","https://www.tiktok.com/@agustina_sintya","2026-03-17初筛：近期可见内容集中在catok、sisir、头发蓬松和防脱发护理，强美发演示属性。"
"erickpras38","11","Tiktok","https://www.tiktok.com/@erickpras38","Erick prasetio","2025-05-13","2025-12-12","Pending MOU","dona","是","Video:11","2254 / 2043 / 2141 / 2059 / 2004 / 2011 / 2092 / 2182 / 2131 / 2174","泛生活种草","家庭实用","口播讲解","家庭实用型","家庭用户","家居生活","","LetMe","短视频强","核心达人","已初筛","https://www.tiktok.com/@erickpras38","2026-03-17初筛：主页简介写electronic/lifestyle/home living，近期视频以家居电器和日用好物推荐为主。"
"miarizky98","10","Tiktok","https://www.tiktok.com/@miarizky98","Mia Rizki","2025-08-12","2026-02-06","MOU submitted","sely","是","Video:10","1231 / 1053 / 1384 / 1135 / 1260 / 1224 / 1341 / 1234","开箱种草","","开箱讲解","温柔治愈型","女性白领","家居生活","保温杯/水杯","LetMe / Sparco","种草强","潜力达人","已初筛","https://www.tiktok.com/@miarizky98","2026-03-17初筛：账号简介就是spill/unboxing/review，近期内容在tumbler、家居摆件、手链和香氛之间切换。"
"hudayanisonjaya","8","Tiktok","https://www.tiktok.com/@hudayanisonjaya","Hudayani Sonjaya","2025-06-05","2025-12-22","MOU submitted","dona","是","Video:8","2254 / 2253 / 2258 / 2141 / 2132 / 2210 / 2175 / 2131 / 2182 / 2174","个护工具","前后对比","现场演示","改造变美型","女性白领","个护工具","","LetMe / Stypro","演示强","潜力达人","已初筛","https://www.tiktok.com/@hudayanisonjaya","2026-03-17初筛：账号简介含self-care和daily hacks，近期视频有按摩工具、足部喷雾、袜子和家居小物。"
"siskasiska.88","8","Tiktok","https://www.tiktok.com/@siskasiska.88","Siska Siska","2025-07-28","2026-03-09","Pending MOU","sely","是","Video:8","1396 / 1389 / 1384 / 1260 / 1341 / 1231 / 1339 / 1377 / 1347","饰品分享","穿搭搭配","纯展示","精致时尚型","女性白领","时尚饰品","戒指","Sparco","种草强","核心达人","已初筛","https://www.tiktok.com/@siskasiska.88","2026-03-17初筛：账号简介直接写Perhiasan，近期内容高频是钛钢戒指、莫桑石和日常饰品搭配。"
"syarah_nur","8","Tiktok","https://www.tiktok.com/@syarah_nur","Syarah","2024-11-12","2026-03-10","Pending MOU","sely","是","Video:8","1389 / 1396 / 1234 / 1341 / 1231 / 1339 / 1045 / 1102","服饰穿搭","试穿展示","纯展示","甜美少女型","学生党","时尚饰品","","Sparco","种草强","潜力达人","已初筛","https://www.tiktok.com/@syarah_nur","2026-03-17初筛：主内容是女装试穿和穿搭分享，近期也有明确饰品内容，适合Sparco搭配型合作。"
"ucinoviaa","8","Tiktok","https://www.tiktok.com/@ucinoviaa","uciiyyy 𝜗ৎ","2025-01-11","2026-02-05","MOU submitted","lida","是","Video:8","1053 / 1275 / 1384 / 1377 / 1135 / 1234 / 1339 / 1341 / 1347 / 1231","泛生活种草","","开箱讲解","甜美少女型","学生党","家居生活","保温杯/水杯","LetMe / Sparco","种草强","潜力达人","已初筛","https://www.tiktok.com/@ucinoviaa","2026-03-17初筛：账号风格偏可爱少女系，近期内容多为粉色家居、tumbler、数码小物和节日穿搭。"
"cipipayy","7","Tiktok","https://www.tiktok.com/@cipipayy","Cipipay","2025-02-07","2026-01-08","MOU submitted","lida","是","Video:7","2271 / 2254 / 2132 / 2104 / 2175 / 2005 / 2034 / 2031","泛生活种草","家庭实用","口播讲解","家庭实用型","家庭用户","家居生活","","LetMe / Sparco","短视频强","潜力达人","已初筛","https://www.tiktok.com/@cipipayy","2026-03-17初筛：主页简介写服饰、饰品和零食推广，近期内容多为日用品、发饰、袜子和餐盒等平价好物。"
"fathia.finds","7","Tiktok","https://www.tiktok.com/@fathia.finds","fathia.finds","2025-07-30","2026-02-23","MOU submitted","dona","是","Video:5 / Live:1","2253 / 1234 / 4006 / 1231 / 1224","服饰穿搭","穿搭搭配","清单推荐","精致时尚型","女性白领","时尚饰品","手链","Sparco / Stypro","种草强","核心达人","已初筛","https://www.tiktok.com/@fathia.finds","2026-03-18初筛：主页简介为 petite girl | fashion and accessories，播放列表含 bracelet、hair curling tips、Hair Clips、outfit，近期内容以穿搭和饰品种草为主。"
"hazela242","7","Tiktok","https://www.tiktok.com/@hazela242","hazela242","2024-08-28","2025-12-30","Pending MOU","lida","是","Video:7","2092 / 2104 / 2182 / 2174 / 2038 / 2034 / 2044","个护工具","前后对比","现场演示","改造变美型","女性白领","个护工具","刮毛刀","LetMe","演示强","核心达人","已初筛","https://www.tiktok.com/@hazela242","2026-03-18初筛：Bio写明 Beauty and Tech，播放列表里有 pencukur，置顶视频直接是 shaver 使用体验与耐用度反馈，适合 LetMe 个护工具。"
"ms.mhels","7","Tiktok","https://www.tiktok.com/@ms.mhels","ms.mhels","2025-01-11","2025-10-30","MOU submitted","sely","是","Video:8","1341 / 1224 / 1231 / 1234 / 1058 / 1339 / 1023","饰品分享","穿搭搭配","清单推荐","甜美少女型","学生党","时尚饰品","戒指","Sparco","种草强","核心达人","已初筛","https://www.tiktok.com/@ms.mhels","2026-03-18初筛：Bio明确写 Suka review aksesoris，播放列表有 Cincin 101 个作品，主页长期在做戒指和配饰推荐，适合 Sparco。"
"nauwola","7","Tiktok","https://www.tiktok.com/@nauwola","nauwola","2025-02-21","2026-03-03","Pending MOU","dewa","是","Video:8","4016 / 4019 / 4017 / 4007 / 4006 / 4002","美发造型","教程教学","现场演示","改造变美型","女性白领","美发工具","自动卷发器","Stypro","教程强","核心达人","已初筛","https://www.tiktok.com/@nauwola","2026-03-18初筛：播放列表含 Hair styling、Hair Care、Cat Rambut，置顶内容是 catokan 和 automatic hair curler 教程，账号重心明确偏发型造型。"
"rickyhlim","7","Tiktok","https://www.tiktok.com/@rickyhlim","rickyhlim","2024-12-21","2025-09-09","MOU submitted","lida","是","Video:4 / Live:3","2131 / 2001 / 2005 / 2080 / 2059 / 2104 / 2011 / 2034 / 2019 / 2025","家居生活","家庭实用","口播讲解","家庭实用型","家庭用户","家居生活","","LetMe","演示强","核心达人","已初筛","https://www.tiktok.com/@rickyhlim","2026-03-18初筛：账号名即 KOKO DI DAPUR，简介写 suka review barang dapur，近期视频集中在厨房与居家实用好物演示，适合 LetMe 家居线。"
"seliyanisss","7","Tiktok","https://www.tiktok.com/@seliyanisss","seliyanisss","2025-06-13","2026-02-24","MOU submitted","dewa","是","Video:7","4016 / 4002 / 4018 / 4019 / 4017 / 4007 / 4006","服饰穿搭","试穿展示","清单推荐","精致时尚型","女性白领","美发工具","自动卷发器","Stypro","种草强","核心达人","已初筛","https://www.tiktok.com/@seliyanisss","2026-03-18初筛：Bio 为 Beauty,Fashion & Fangirling，近期内容大量是 outfit 推荐与穿搭展示，同时出现便携卷发工具种草视频，适合作为 Stypro 的时尚种草型达人。"
"devi.fristiana","6","Tiktok","https://www.tiktok.com/@devi.fristiana","devi.fristiana","2025-11-07","2026-03-06","Pending MOU","dona","是","Video:6","2116 / 2193 / 2244 / 2011 / 2122 / 2254 / 2253","家居生活","家庭实用","口播讲解","家庭实用型","家庭用户","家居生活","","LetMe","演示强","潜力达人","已初筛","https://www.tiktok.com/@devi.fristiana","2026-03-18初筛：简介写 Homeliving | Review | Tips，近期视频以蒸煮工具、床品、收纳和居家场景为主，属于稳定的家庭实用内容。"
"dodolgarut92","6","Tiktok","https://www.tiktok.com/@dodolgarut92","dodolgarut92","2025-03-06","2025-09-10","MOU submitted","dona","是","Video:6","2132 / 1012 / SP-BB3-013 / 5000","服饰穿搭","穿搭搭配","清单推荐","甜美少女型","学生党","时尚饰品","戒指","Sparco / ICYEE","种草强","潜力达人","已初筛","https://www.tiktok.com/@dodolgarut92","2026-03-18批量初筛：主要依据账号命名/公开定位与历史合作SPU（2132 / 1012 / SP-BB3-013 / 5000）完成第一版归档，建议后续抽查近期视频再细化。"
"emakhobijualan","6","Tiktok","https://www.tiktok.com/@emakhobijualan","tita","2025-03-14","2025-11-12","MOU submitted","dona","是","Video:6","2141 / 2132 / 2032 / 2182 / 2034 / 2059 / 2011","泛生活种草","家庭实用","口播讲解","家庭实用型","家庭用户","家居生活","","LetMe","种草强","潜力达人","已初筛","https://www.tiktok.com/@emakhobijualan","2026-03-18初筛：主页无明确 Bio，但账号名称和历史合作 SPU 都更偏家庭实用品/泛生活带货，先归到 LetMe 线，后续可复核内容细分。"
"inaapril20_","6","Tiktok","https://www.tiktok.com/@inaapril20_","inaapril20_","2025-05-22","2026-02-24","MOU submitted","dewa","是","Video:7","4016 / 4018 / 4019 / 4017 / 4002 / 4005 / 4007 / 4006","美发造型","教程教学","现场演示","改造变美型","女性白领","美发工具","直发梳","Stypro","演示强","潜力达人","已初筛","https://www.tiktok.com/@inaapril20_","2026-03-18初筛：Bio 写明 Hairstyle/care, beauty，置顶内容直接出现 Stypro catokan sisir 与造型演示，账号与 Stypro 适配度高。"
"ity_tbl","6","Tiktok","https://www.tiktok.com/@ity_tbl","ity_tbl","2025-02-21","2026-02-24","MOU submitted","dewa","是","Video:8","4016 / 4018 / 4019 / 4017 / 4007 / 4006 / 4002","美发造型","教程教学","现场演示","改造变美型","学生党","美发工具","","Stypro","演示强","潜力达人","已初筛","https://www.tiktok.com/@ity_tbl","2026-03-18初筛：置顶内容多次直接出现 catokan 和发饰相关短视频，整体是平价变美和即时造型展示，适合 Stypro。"
"nunananaat","6","Tiktok","https://www.tiktok.com/@nunananaat","Nanatt୨ৎ","2024-09-18","2025-09-02","Pending publish review","lida","是","Video:6","2131 / 1231 / 1102 / 1002 / 1132 / SP-BD3-012 / SP-BA3-007","服饰穿搭","试穿展示","纯展示","甜美少女型","学生党","时尚饰品","戒指","Sparco","种草强","潜力达人","已初筛","https://www.tiktok.com/@nunananaat","2026-03-18初筛：主页人设是小个子女生分享和个人小店导向，结合历史合作里饰品相关 SPU 占比高，更适合 Sparco 的甜美穿搭饰品合作。"
"suzy.zhenzhen","6","Tiktok","https://www.tiktok.com/@suzy.zhenzhen","suzy.zhenzhen","2025-08-19","2026-03-09","Pending MOU","sely","是","Live:3 / Video:3","1396 / 1389 / 1234 / SP-BA1-005-01 / 1339 / 1231","饰品分享","穿搭搭配","清单推荐","精致时尚型","女性白领","时尚饰品","手链","Sparco","种草强","潜力达人","已初筛","https://www.tiktok.com/@suzy.zhenzhen","2026-03-18初筛：置顶和近期内容高度集中在 zodiak bracelet、gelang serut、kalung 等饰品推荐，账号主线明确为饰品种草，适合 Sparco。"
"vanirazoan","6","Tiktok","https://www.tiktok.com/@vanirazoan","vanirazoan","2025-03-04","2026-01-19","MOU submitted","lida","是","Video:6","SP-BA1-005-01 / 1377 / 2031 / 2135 / SP-BB3-013 / 1339 / 1121 / 1132","服饰穿搭","穿搭搭配","清单推荐","甜美少女型","学生党","时尚饰品","戒指","Sparco","种草强","潜力达人","已初筛","https://www.tiktok.com/@vanirazoan","2026-03-18批量初筛：主要依据账号命名/公开定位与历史合作SPU（SP-BA1-005-01 / 1377 / 2031 / 2135 / SP-BB3-013 / 1339 / 1121 / 1132）完成第一版归档，建议后续抽查近期视频再细化。"
"viollytea.","6","Tiktok","https://www.tiktok.com/@viollytea.","viollytea.","2025-06-12","2025-11-14","MOU submitted","dewa","是","Video:6","4017 / 4007 / 4008 / 4002 / 4005 / 4006","美发造型","教程教学","现场演示","改造变美型","女性白领","美发工具","直发梳","Stypro","演示强","潜力达人","已初筛","https://www.tiktok.com/@viollytea.","2026-03-18初筛：当前主页已失效，但历史合作 SPU 全部集中在 Stypro 线，可先按美发工具达人归档，后续如找到新主页再复核。"
"adi_review","5","Tiktok","https://www.tiktok.com/@adi_review","Adi Review","2025-09-25","2025-12-31","Pending MOU","lida","是","Video:5","2043 / 2254 / 2104 / 2132 / 2243","泛生活种草","家庭实用","口播讲解","家庭实用型","家庭用户","家居生活","","LetMe","短视频强","潜力达人","已初筛","https://www.tiktok.com/@adi_review","2026-03-18初筛：Bio 直接写 review 和引导购物车下单，内容定位是标准带货测评号，结合历史合作更适合 LetMe 的实用好物线。"
"capslock_ed","5","Tiktok","https://www.tiktok.com/@capslock_ed","capsie | hair care area 👩🏻✨","2025-02-01","2026-02-24","MOU submitted","dewa","是","Video:5","4016 / 4018 / 4017 / 4002 / 2104","美发造型","教程教学","口播讲解","改造变美型","女性白领","美发工具","直发梳","Stypro","教程强","潜力达人","已初筛","https://www.tiktok.com/@capslock_ed","2026-03-18初筛：Bio 直接写 hair care area，且强调 mostly talk bout hair，内容垂类非常清楚，适合 Stypro 的美发工具与护理演示。"
"cikaasiska_","5","Tiktok","https://www.tiktok.com/@cikaasiska_","cikaasiska_","2025-04-18","2025-10-22","MOU submitted","lida","是","Video:5","2253 / 2131 / 2031 / 2032 / 2005 / 2011","泛生活种草","家庭实用","清单推荐","甜美少女型","学生党","家居生活","保温杯/水杯","LetMe","种草强","潜力达人","已初筛","https://www.tiktok.com/@cikaasiska_","2026-03-18初筛：近期内容多为可爱风日用好物推荐，置顶直接出现 gelas stainless、tumbler、mini fan 等种草短视频，适合 LetMe 的轻生活好物线。"
"delina.sakotek","5","Tiktok","https://www.tiktok.com/@delina.sakotek","delina.sakotek","2024-11-23","2026-03-12","Pending MOU","dona","是","Live:3 / Video:2","2116 / 2005 / 2141 / 2243 / 2126 / 2122 / 2001 / 2011 / 2031 / 2059","家居生活","家庭实用","现场演示","家庭实用型","家庭用户","家居生活","厨房收纳","LetMe","演示强","潜力达人","已初筛","https://www.tiktok.com/@delina.sakotek","2026-03-18初筛：Bio 直接写 Review Alat Dapur Aesthetic，置顶和近期内容集中在 food container、清洗工具、tumbler 等厨房家居实用品，适合 LetMe。"
"devvwies","5","Tiktok","https://www.tiktok.com/@devvwies","Devina Otaria♡","2025-09-03","2026-02-13","Pending MOU","lida","是","Video:5","2005 / 2141 / 2182","泛生活种草","家庭实用","口播讲解","精致时尚型","女性白领","家居生活","","LetMe","种草强","潜力达人","已初筛","https://www.tiktok.com/@devvwies","2026-03-18初筛：账号整体是女生生活方式与品牌合作型内容，结合历史合作 SPU 以 LetMe 线为主，先归到泛生活实用好物达人。"
"gracensia.chika","5","Tiktok","https://www.tiktok.com/@gracensia.chika","gracensia.chika","2025-02-22","2026-02-24","MOU submitted","dewa","是","Video:6","4016 / 4019 / 4017 / 4007 / 4002","美发造型","教程教学","现场演示","改造变美型","女性白领","美发工具","","Stypro","演示强","潜力达人","已初筛","https://www.tiktok.com/@gracensia.chika","2026-03-18初筛：Bio 写明喜欢头发内容，置顶视频包含 hair dryer、hair trimmer、catokan 和 Airwrap 教程，明确是美发工具演示型达人。"
"hendra.anjar","5","Tiktok","https://www.tiktok.com/@hendra.anjar","hendra.anjar","2025-05-30","2025-12-11","Pending MOU","dona","是","Video:5","2104 / 2043 / 2182 / 2174 / 2005","泛生活种草","家庭实用","口播讲解","家庭实用型","家庭用户","家居生活","","LetMe","种草强","潜力达人","已初筛","https://www.tiktok.com/@hendra.anjar","2026-03-18批量初筛：主要依据账号命名/公开定位与历史合作SPU（2104 / 2043 / 2182 / 2174 / 2005）完成第一版归档，建议后续抽查近期视频再细化。"
"herewitheca","5","Tiktok","https://www.tiktok.com/@herewitheca","here with eca⋆୨୧˚","2025-06-18","2026-02-11","MOU submitted","dewa","是","Video:5","4018 / 4019 / 4017 / 4007 / 4008 / 2132","服饰穿搭","试穿展示","清单推荐","精致时尚型","女性白领","美发工具","直发梳","Stypro","种草强","潜力达人","已初筛","https://www.tiktok.com/@herewitheca","2026-03-18初筛：Bio 直接写 sharing my favorite finds、fashion & beauty，结合历史合作主要集中在 Stypro 线，适合穿搭美女向的美发工具种草。"
"herewitheca.","5","Tiktok","https://www.tiktok.com/@herewitheca.","herewitheca.","2025-07-04","2025-11-17","MOU submitted","dewa","是","Video:5","4017 / 4007 / 4008 / 4002 / 4005 / 4006","服饰穿搭","试穿展示","清单推荐","精致时尚型","女性白领","美发工具","直发梳","Stypro","种草强","潜力达人","已初筛","https://www.tiktok.com/@herewitheca.","2026-03-18初筛：当前这个旧主页地址已失效，结合同系列账号 herewitheca 的公开内容与历史 SPU，仍可归为时尚女生向的 Stypro 种草号。"
"holevest","5","Tiktok","https://www.tiktok.com/@holevest","holevest","2025-04-11","2026-02-11","MOU submitted","dewa","是","Video:5","4016 / 4006 / 4017 / 4007 / 4002","美发造型","教程教学","现场演示","改造变美型","女性白领","美发工具","","Stypro","演示强","潜力达人","已初筛","https://www.tiktok.com/@holevest","2026-03-18初筛：Bio 明确含 Beauty | Hair | Fashion，近期视频连续在做 portable catokan、catokan uap、hair tools pouch 与 hair routine，属于高适配 Stypro 的美发账号。"
"lils0oftiie","5","Tiktok","https://www.tiktok.com/@lils0oftiie","yulia ౨ৎ","2025-04-15","2026-03-13","Pending MOU","sely","是","Video:5","1231 / 1397 / 1234 / 1058 / 1045 / 1339 / SP-BB3-013","服饰穿搭","试穿展示","纯展示","甜美少女型","学生党","时尚饰品","手链","Sparco","种草强","潜力达人","已初筛","https://www.tiktok.com/@lils0oftiie","2026-03-18初筛：Bio 明确是 Fashion enthusiasts，账号人设偏小个子甜妹穿搭，结合历史合作 SPU 主要在 Sparco 饰品线，适合饰品搭配型合作。"
"madebymrse","5","Tiktok","https://www.tiktok.com/@madebymrse","𝑴𝒂𝒓𝒊𝒔𝒂𝒆","2025-01-18","2025-10-27","Pending publish review","sely","是","Video:5","1126 / 2104 / 5004 / 5007 / 1231 / 1132","美妆护肤","教程教学","口播讲解","温柔治愈型","学生党","护肤品","面霜","ICYEE","种草强","潜力达人","已初筛","https://www.tiktok.com/@madebymrse","2026-03-18初筛：Bio 直接写 Skin care, Make up & Other racun，账号主线非常清楚是护肤和彩妆种草，适合 ICYEE 的基础护肤线。"
"monchhild","5","Tiktok","https://www.tiktok.com/@monchhild","nina","2025-05-26","2026-03-03","MOU submitted","dewa","是","Video:5","4016 / 4019 / 1224 / SP-BB3-013 / 1231","美发造型","教程教学","现场演示","改造变美型","女性白领","美发工具","直发梳","Stypro","教程强","核心达人","已初筛","https://www.tiktok.com/@monchhild","2026-03-18初筛：播放列表直接有 tutor makeup、softlens、fake lashes、nyatok、haircare，其中 nyatok 和 haircare 证据很强，适合 Stypro 的教程演示型合作。"
"novitarzq","5","Tiktok","https://www.tiktok.com/@novitarzq","novita","2025-05-10","2025-11-03","Pending publish review","sely","是","Video:5","1341 / 2253 / 2175 / 2031 / 1339","家居生活","家庭实用","纯展示","温柔治愈型","学生党","家居生活","","LetMe","种草强","潜力达人","已初筛","https://www.tiktok.com/@novitarzq","2026-03-18初筛：Bio 明确是 room | desk | cute stuff | dailylife，主页长期在做桌面和房间小物种草，适合 LetMe 的家居生活线。"
"octaviachandra","5","Tiktok","https://www.tiktok.com/@octaviachandra","OctaviaChandra","2025-07-09","2026-02-11","Pending MOU","dewa","是","Video:5","4016 / 4019 / 4017 / 4002 / 4005 / 4006","泛生活种草","家庭实用","口播讲解","家庭实用型","家庭用户","美发工具","直发梳","Stypro","种草强","潜力达人","已初筛","https://www.tiktok.com/@octaviachandra","2026-03-18初筛：账号主线是 mama-anak lifestyle，但播放列表里长期有 makeup and skincare、body+hair care，且历史合作全部集中在 Stypro 线，适合生活方式场景下的美发工具种草。"
"rinaagustine11","5","Tiktok","https://www.tiktok.com/@rinaagustine11","rinaagustine11","2025-11-18","2026-02-09","Pending publish review","sely","是","Video:5","1231 / 1053 / SP-BA1-005-01 / 1384","饰品分享","礼物场景","清单推荐","温柔治愈型","女性白领","时尚饰品","戒指","Sparco","种草强","潜力达人","已初筛","https://www.tiktok.com/@rinaagustine11","2026-03-18初筛：置顶内容高度集中在 titanium ring set、订婚戒指和送礼场景，文案也常带 ide kado cewek，适合 Sparco。"
"rizkairn","5","Tiktok","https://www.tiktok.com/@rizkairn","Rizka Irnawati","2024-09-05","2025-08-27","Pending MOU","lida","是","Video:4 / Live:1","2131 / 2031 / 2109 / 2029 / 2032 / 2026 / 2059","家居生活","家庭实用","口播讲解","家庭实用型","家庭用户","家居生活","","LetMe","演示强","核心达人","已初筛","https://www.tiktok.com/@rizkairn","2026-03-18初筛：Bio 直接写 Home Living | Furniture | DIY，属于非常明确的家居垂类账号，适合 LetMe 的家庭场景产品。"
"sibalsekiyaaaaaa","5","Tiktok","https://www.tiktok.com/@sibalsekiyaaaaaa","bibble girls","2025-09-26","2026-02-24","MOU submitted","dewa","是","Video:5","4016 / 4006 / 4019 / 4007 / 4017","美发造型","教程教学","现场演示","甜美少女型","学生党","美发工具","自动卷发器","Stypro","种草强","潜力达人","已初筛","https://www.tiktok.com/@sibalsekiyaaaaaa","2026-03-18初筛：主页风格偏女生向下单导购，历史合作 SPU 全部在 Stypro 线，可先归类为美发工具种草号。"
"taurean194","5","Tiktok","https://www.tiktok.com/@taurean194","taurean194","2025-01-18","2026-01-21","MOU submitted","lida","是","Video:5","1384 / 1231 / 2132 / 1132 / 1260","服饰穿搭","穿搭搭配","清单推荐","甜美少女型","学生党","时尚饰品","戒指","Sparco","种草强","潜力达人","已初筛","https://www.tiktok.com/@taurean194","2026-03-18批量初筛：主要依据账号命名/公开定位与历史合作SPU（1384 / 1231 / 2132 / 1132 / 1260）完成第一版归档，建议后续抽查近期视频再细化。"
"ulwahmardiah14","5","Tiktok","https://www.tiktok.com/@ulwahmardiah14","ulwahmardiah14","2025-10-29","2026-01-07","MOU submitted","dona","是","Video:5","2244 / 2271 / 2178 / 2011 / 2031 / 2254 / 2243 / 2258 / 2253","泛生活种草","家庭实用","清单推荐","温柔治愈型","家庭用户","家居生活","保温杯/水杯","LetMe","种草强","潜力达人","已初筛","https://www.tiktok.com/@ulwahmardiah14","2026-03-18初筛：Bio 写 Everything cute & pink / Mom & baby，置顶内容高度集中在 tumbler 与日常实用好物推荐，适合 LetMe 的家庭与轻家居场景。"
"yuliamandap","5","Tiktok","https://www.tiktok.com/@yuliamandap","yuliamandap","2025-06-12","2026-01-19","MOU submitted","sely","是","Video:5","1384 / SP-BB3-013 / 1234 / 1231","服饰穿搭","穿搭搭配","清单推荐","精致时尚型","女性白领","时尚饰品","手链","Sparco","种草强","潜力达人","已初筛","https://www.tiktok.com/@yuliamandap","2026-03-18初筛：Bio 写 Fashion | aksesoris | random stuff，置顶和近期内容包含 custom initial bracelet 与日常搭配饰品，适合 Sparco 的穿搭型种草。"
"abang.adik2","4","Tiktok","https://www.tiktok.com/@abang.adik2","Abang.adik2","2024-12-10","2026-01-23","MOU submitted","lida","是","Live:4","2243 / 2104 / 2043 / 2254 / 2132 / 2122 / 2005 / 2174 / 2032 / 2057","家居生活","家庭实用","现场演示","家庭实用型","家庭用户","家居生活","","LetMe","直播强","潜力达人","已初筛","https://www.tiktok.com/@abang.adik2","2026-03-18初筛：Bio 直接写 Live style Creator，播放列表里有 Handuk Jumbo / Handuk Dewasa / Handuk Travel 和大量直播回放，适合 LetMe 的家庭实用品和直播带货。"
"accboskuu","4","Tiktok","https://www.tiktok.com/@accboskuu","accboskuu","2025-06-02","2025-11-04","Pending publish review","sely","是","Video:4","1341 / 1231 / 1347 / 1339","饰品分享","穿搭搭配","清单推荐","甜美少女型","学生党","时尚饰品","手链","Sparco","种草强","潜力达人","已初筛","https://www.tiktok.com/@accboskuu","2026-03-18初筛：Bio 直接写喜欢戴饰品，近期视频持续围绕 gelang couple、gelang serut、cincin 等饰品内容，属于典型 Sparco 饰品号。"
"aldilanggra","4","Tiktok","https://www.tiktok.com/@aldilanggra","aldilanggra","2025-08-21","2025-10-29","MOU submitted","lida","是","Video:4","1341 / 1234 / 1356 / 1365","服饰穿搭","穿搭搭配","清单推荐","甜美少女型","学生党","时尚饰品","戒指","Sparco","种草强","潜力达人","已初筛","https://www.tiktok.com/@aldilanggra","2026-03-18批量初筛：主要依据账号命名/公开定位与历史合作SPU（1341 / 1234 / 1356 / 1365）完成第一版归档，建议后续抽查近期视频再细化。"
"alesha.kyr","4","Tiktok","https://www.tiktok.com/@alesha.kyr","alesha.kyr","2025-06-18","2026-02-11","MOU submitted","dewa","是","Video:4","4016 / 4019 / 4022 / 4006","美发造型","教程教学","现场演示","改造变美型","女性白领","美发工具","","Stypro","演示强","潜力达人","已初筛","https://www.tiktok.com/@alesha.kyr","2026-03-18初筛：Bio 为 Fashion | Beauty | Selfcare，置顶和近期内容集中在 catokan 3in1、5in1 hair styler 等造型工具试用，适合 Stypro。"
"arabiquechannel","4","Tiktok","https://www.tiktok.com/@arabiquechannel","arabiquechannel","2025-11-20","2026-01-23","Pending MOU","lida","是","Live:4","2005 / 2132 / 2243 / 2254 / 2175 / 2131 / 2031","泛生活种草","家庭实用","口播讲解","家庭实用型","家庭用户","家居生活","","LetMe","短视频强","潜力达人","已初筛","https://www.tiktok.com/@arabiquechannel","2026-03-18批量初筛：主要依据账号命名/公开定位与历史合作SPU（2005 / 2132 / 2243 / 2254 / 2175 / 2131 / 2031）完成第一版归档，建议后续抽查近期视频再细化。"
"aureliafw","4","Tiktok","https://www.tiktok.com/@aureliafw","aureliafw | all about blush ♡","2025-03-02","2025-11-27","Pending MOU","amanda","否","Video:5","5000 / 2005 / 5002 / 5003 / 5001 / 4002","美妆护肤","教程教学","口播讲解","精致时尚型","女性白领","护肤品","面霜","ICYEE","种草强","潜力达人","已初筛","https://www.tiktok.com/@aureliafw","2026-03-18初筛：Bio 明确是 beauty | travel | haul，播放列表长期围绕 contour、highlighter、C-Beauty、J-Beauty 和 medicube 护肤仪内容，适合 ICYEE 的护肤种草。"
"beauty.girl5194","4","Tiktok","https://www.tiktok.com/@beauty.girl5194","beauty.girl5194","2025-10-29","2026-03-09","Pending MOU","sely","是","Video:4","1396 / 1389 / 1234 / 1339 / 1341","饰品分享","穿搭搭配","清单推荐","甜美少女型","学生党","时尚饰品","戒指","Sparco","种草强","潜力达人","已初筛","https://www.tiktok.com/@beauty.girl5194","2026-03-18初筛：Bio 直接写 spill aksesoris kece，近期内容以戒指、手链、项链等饰品为主，适合 Sparco 的平价饰品种草。"
"bervakifova","4","Tiktok","https://www.tiktok.com/@bervakifova","bervakifova","2024-11-09","2026-03-03","Pending MOU","dewa","是","Video:3 / Live:2","4016 / 4018 / 1004 / 1002 / 1003 / SP-BD3-011 / SP-BD3-012 / SP-BB3-013 / 1190 / 1135","服饰穿搭","穿搭搭配","清单推荐","甜美少女型","学生党","时尚饰品","戒指","Sparco","种草强","潜力达人","已初筛","https://www.tiktok.com/@bervakifova","2026-03-18批量初筛：主要依据账号命名/公开定位与历史合作SPU（4016 / 4018 / 1004 / 1002 / 1003 / SP-BD3-011 / SP-BD3-012 / SP-BB3-013 / 1190 / 1135）完成第一版归档，建议后续抽查近期视频再细化。"
"byputrii23","4","Tiktok","https://www.tiktok.com/@byputrii23","byputrii23","2025-07-17","2026-01-23","Pending publish review","sely","是","Video:4","1234 / 1224 / 1365 / 1231","饰品分享","穿搭搭配","清单推荐","甜美少女型","学生党","时尚饰品","戒指","Sparco","种草强","潜力达人","已初筛","https://www.tiktok.com/@byputrii23","2026-03-18初筛：置顶和近期内容多次直接推荐 cincin set / titanium rings，虽然有少量杂货，但主转化点仍是饰品，适合 Sparco。"
"ciriezna","4","Tiktok","https://www.tiktok.com/@ciriezna","riezna","2025-03-08","2026-02-09","MOU submitted","lida","是","Video:4","1053 / 1231 / 1339 / SP-BB3-013","服饰穿搭","穿搭搭配","纯展示","精致时尚型","女性白领","时尚饰品","戒指","Sparco","种草强","潜力达人","已初筛","https://www.tiktok.com/@ciriezna","2026-03-18初筛：Bio 明确是 Beauty & Fashion，结合历史合作 SPU 主要集中在 Sparco 饰品线，更适合做穿搭型饰品种草。"
"deden.mashudi","4","Tiktok","https://www.tiktok.com/@deden.mashudi","deden.mashudi","2025-06-17","2025-12-11","Pending MOU","dona","是","Video:4","2104 / 2043 / 2011 / 2005","泛生活种草","家庭实用","口播讲解","家庭实用型","家庭用户","家居生活","","LetMe","种草强","潜力达人","已初筛","https://www.tiktok.com/@deden.mashudi","2026-03-18批量初筛：主要依据账号命名/公开定位与历史合作SPU（2104 / 2043 / 2011 / 2005）完成第一版归档，建议后续抽查近期视频再细化。"
"dillahamd","4","Tiktok","https://www.tiktok.com/@dillahamd","dillahamd","2024-11-12","2025-05-22","Pending publish review","lida","是","Video:3","1231 / 1173 / 1102 / SP-BD3-010","美妆护肤","成分科普","口播讲解","专业科普型","女性白领","防晒护理","防晒喷雾","ICYEE","种草强","潜力达人","已初筛","https://www.tiktok.com/@dillahamd","2026-03-18初筛：播放列表和近期内容明显以 beauty review、sunscreen、moisturizer、skincare routine 为主，适合 ICYEE 的护肤与防晒线。"
"dindaaprd_.","4","Tiktok","https://www.tiktok.com/@dindaaprd_.","dindaaprd_.","2025-05-22","2025-12-05","Pending review","dewa","是","Video:5","4006 / 4005 / 4008 / 4002","美发造型","教程教学","现场演示","改造变美型","女性白领","美发工具","直发梳","Stypro","演示强","潜力达人","已初筛","https://www.tiktok.com/@dindaaprd_.","2026-03-18批量初筛：主要依据账号命名/公开定位与历史合作SPU（4006 / 4005 / 4008 / 4002）完成第一版归档，建议后续抽查近期视频再细化。"
"dlakk2","4","Tiktok","https://www.tiktok.com/@dlakk2","dlakk2","2025-02-23","2026-03-10","Pending MOU","dewa","是","Video:4","4016 / 4005 / 4002","美发造型","教程教学","现场演示","改造变美型","女性白领","美发工具","","Stypro","教程强","潜力达人","已初筛","https://www.tiktok.com/@dlakk2","2026-03-18初筛：近期视频出现 hairspray、rekomendasi catok 和右侧头发教学，属于明显的发型工具教程向账号。"
"dnieshopp01","4","Tiktok","https://www.tiktok.com/@dnieshopp01","dnieshopp01","2025-02-28","2025-08-11","Pending publish review","sely","是","Video:4","1231 / SP-BB3-013 / 1341 / 1012","饰品分享","穿搭搭配","清单推荐","精致时尚型","学生党","时尚饰品","项链","Sparco","种草强","潜力达人","已初筛","https://www.tiktok.com/@dnieshopp01","2026-03-18初筛：Bio 明确为 ACCESSORIS，近期视频大量是 kalung、cincin、gelang 等首饰推荐，风格偏潮流配饰，适合 Sparco。"
"happyfinsv","4","Tiktok","https://www.tiktok.com/@happyfinsv","Pin˚⋆𐙚｡ᡣ𐭩˚","2025-07-04","2025-10-15","MOU submitted","amanda","是","Video:4","5015 / 5013 / 5014 / 5000 / 5002 / 5003 / 5004 / 5001 / 5007 / 5005","美妆护肤","教程教学","口播讲解","甜美少女型","学生党","护肤品","精华喷雾","ICYEE","种草强","潜力达人","已初筛","https://www.tiktok.com/@happyfinsv","2026-03-18初筛：近期公开主页信息有限，主要结合账号风格与历史合作 SPU 全部集中在 ICYEE 线判断，适合作为年轻女生向护肤种草号继续观察。"
"honeyheartlesss","4","Tiktok","https://www.tiktok.com/@honeyheartlesss","honeyheartlesss","2025-05-16","2026-03-03","Pending review","dewa","是","Video:5","4016 / 4007 / 4006 / 4002","美发造型","教程教学","现场演示","改造变美型","女性白领","美发工具","直发梳","Stypro","演示强","潜力达人","已初筛","https://www.tiktok.com/@honeyheartlesss","2026-03-18批量初筛：主要依据账号命名/公开定位与历史合作SPU（4016 / 4007 / 4006 / 4002）完成第一版归档，建议后续抽查近期视频再细化。"
"itsddingo","4","Tiktok","https://www.tiktok.com/@itsddingo","dingo ꨄ︎","2025-07-24","2026-03-12","Pending MOU","sely","是","Video:4","1396 / 1389 / 1231 / 1012 / 1347","服饰穿搭","穿搭搭配","清单推荐","甜美少女型","学生党","时尚饰品","手链","Sparco","种草强","潜力达人","已初筛","https://www.tiktok.com/@itsddingo","2026-03-18初筛：Bio 写 outfit | random | cute stuff，整体是可爱女生向种草内容，结合历史合作多为 Sparco 线，适合饰品搭配合作。"
"junewita","4","Tiktok","https://www.tiktok.com/@junewita","junewita🪞🎀🫧🛍️","2025-09-26","2026-02-09","Pending publish review","sely","是","Video:5","1231 / 1053 / 1339 / 1234","开箱种草","穿搭搭配","开箱讲解","温柔治愈型","女性白领","时尚饰品","戒指","Sparco","种草强","潜力达人","已初筛","https://www.tiktok.com/@junewita","2026-03-18初筛：Bio 写 review yang viral-viral，账号偏热门单品 review，结合历史合作 SPU 都在 Sparco 饰品线，更适合饰品种草。"
"junjunshop222","4","Tiktok","https://www.tiktok.com/@junjunshop222","junjunshop222","2024-10-31","2025-03-10","Published","lida","是","Video:3 / Live:1","SP-BB3-013 / SP-BA3-007-5C / 1003 / 1132 / 1102 / 1041","服饰穿搭","穿搭搭配","清单推荐","甜美少女型","学生党","时尚饰品","戒指","Sparco","种草强","潜力达人","已初筛","https://www.tiktok.com/@junjunshop222","2026-03-18批量初筛：主要依据账号命名/公开定位与历史合作SPU（SP-BB3-013 / SP-BA3-007-5C / 1003 / 1132 / 1102 / 1041）完成第一版归档，建议后续抽查近期视频再细化。"
"kiaraagnes_","4","Tiktok","https://www.tiktok.com/@kiaraagnes_","Kiara Agnes","2025-11-20","2026-03-11","Pending MOU","dona","是","Video:4","2138 / 2104 / 2182 / 2269 / 2210","美发造型","教程教学","现场演示","改造变美型","女性白领","美发工具","自动卷发器","Stypro","演示强","潜力达人","已初筛","https://www.tiktok.com/@kiaraagnes_","2026-03-18初筛：Bio 直接写 hair tools girlie，这个定位已经非常明确，适合 Stypro 的头发造型工具合作。"
"ko.ony96","4","Tiktok","https://www.tiktok.com/@ko.ony96","ko.ony96","2025-06-02","2025-07-29","Pending publish review","dona","是","Video:5","2182 / 2104 / 2004 / 2032 / 2174","泛生活种草","家庭实用","口播讲解","家庭实用型","家庭用户","家居生活","","LetMe","种草强","潜力达人","已初筛","https://www.tiktok.com/@ko.ony96","2026-03-18批量初筛：主要依据账号命名/公开定位与历史合作SPU（2182 / 2104 / 2004 / 2032 / 2174）完成第一版归档，建议后续抽查近期视频再细化。"
"laolisuci","4","Tiktok","https://www.tiktok.com/@laolisuci","laolisuci","2025-09-17","2026-03-11","Pending MOU","dona","是","Video:4","2116 / 2193 / 2059 / 2104 / 2080","泛生活种草","家庭实用","口播讲解","温柔治愈型","家庭用户","家居生活","","LetMe","种草强","潜力达人","已初筛","https://www.tiktok.com/@laolisuci","2026-03-18初筛：Bio 写 review produk random，结合历史合作 SPU 主要集中在 LetMe 家居生活线，适合作为泛生活实用好物号。"
"laurenviaa","4","Tiktok","https://www.tiktok.com/@laurenviaa","Ren.dang","2025-11-13","2026-02-11","MOU submitted","dewa","是","Video:3 / Reels:1","4016 / 4017","美发造型","教程教学","口播讲解","改造变美型","女性白领","美发工具","直发梳","Stypro","种草强","潜力达人","已初筛","https://www.tiktok.com/@laurenviaa","2026-03-18初筛：近期公开内容以日常好物和完整信息分享为主，结合近几次合作 SPU 都在 Stypro 线，适合走美发工具种草合作。"
"lellysalmaa","4","Tiktok","https://www.tiktok.com/@lellysalmaa","lellysalmaa","2025-06-27","2025-11-10","MOU submitted","lida","是","Video:4","2253 / 2032 / 2031","泛生活种草","家庭实用","口播讲解","家庭实用型","家庭用户","家居生活","","LetMe","种草强","潜力达人","已初筛","https://www.tiktok.com/@lellysalmaa","2026-03-18批量初筛：主要依据账号命名/公开定位与历史合作SPU（2253 / 2032 / 2031）完成第一版归档，建议后续抽查近期视频再细化。"
"lestari.lbs","4","Tiktok","https://www.tiktok.com/@lestari.lbs","lestari.lbs","2024-08-15","2025-06-20","MOU submitted","lida","是","Video:4","2141 / 2034 / 2126 / 2062","泛生活种草","家庭实用","口播讲解","家庭实用型","家庭用户","家居生活","","LetMe","种草强","潜力达人","已初筛","https://www.tiktok.com/@lestari.lbs","2026-03-18批量初筛：主要依据账号命名/公开定位与历史合作SPU（2141 / 2034 / 2126 / 2062）完成第一版归档，建议后续抽查近期视频再细化。"
"manbellll","4","Tiktok","https://www.tiktok.com/@manbellll","manbel🛍️","2025-04-30","2026-03-10","Pending MOU","sely","是","Video:4","1396 / 1389 / SP-BA1-005 / 1231 / 1224","服饰穿搭","穿搭搭配","清单推荐","甜美少女型","学生党","时尚饰品","戒指","Sparco","种草强","潜力达人","已初筛","https://www.tiktok.com/@manbellll","2026-03-18初筛：Bio 明确写 Makeup, hijab, fashion, acc，主页是典型甜妹穿搭和配饰 spill 账号，适合 Sparco 的搭配型种草。"
"monchhild.","4","Tiktok","https://www.tiktok.com/@monchhild.","monchhild.","2025-06-13","2025-11-20","MOU submitted","dewa","是","Video:4","4017 / 4005 / 4007 / 4006","美发造型","教程教学","现场演示","改造变美型","女性白领","美发工具","直发梳","Stypro","演示强","潜力达人","已初筛","https://www.tiktok.com/@monchhild.","2026-03-18批量初筛：主要依据账号命名/公开定位与历史合作SPU（4017 / 4005 / 4007 / 4006）完成第一版归档，建议后续抽查近期视频再细化。"
"nanique_89","4","Tiktok","https://www.tiktok.com/@nanique_89","nanique_89","2024-12-07","2025-08-26","Pending MOU","lida","是","Video:4","2131 / 1231 / 1102 / SP-BB3-013 / SP-BB3-008-NEW","服饰穿搭","穿搭搭配","清单推荐","甜美少女型","学生党","时尚饰品","戒指","Sparco","种草强","潜力达人","已初筛","https://www.tiktok.com/@nanique_89","2026-03-18批量初筛：主要依据账号命名/公开定位与历史合作SPU（2131 / 1231 / 1102 / SP-BB3-013 / SP-BB3-008-NEW）完成第一版归档，建议后续抽查近期视频再细化。"
"piijaaahh_","4","Tiktok","https://www.tiktok.com/@piijaaahh_","piijaaahh_","2025-07-16","2026-01-07","Pending MOU","lida","是","Video:5","2005 / 2253 / 2141 / 2132 / 2138","泛生活种草","家庭实用","口播讲解","家庭实用型","家庭用户","家居生活","","LetMe","种草强","潜力达人","已初筛","https://www.tiktok.com/@piijaaahh_","2026-03-18批量初筛：主要依据账号命名/公开定位与历史合作SPU（2005 / 2253 / 2141 / 2132 / 2138）完成第一版归档，建议后续抽查近期视频再细化。"
"racun.bylin","4","Tiktok","https://www.tiktok.com/@racun.bylin","racun.bylin","2024-10-15","2024-10-17","Pending MOU","rizal","否","Video:2 / Live:2","2011 / 2046","泛生活种草","家庭实用","口播讲解","家庭实用型","家庭用户","家居生活","","LetMe","短视频强","潜力达人","已初筛","https://www.tiktok.com/@racun.bylin","2026-03-18批量初筛：主要依据账号命名/公开定位与历史合作SPU（2011 / 2046）完成第一版归档，建议后续抽查近期视频再细化。"
"revilstudio.id","4","Tiktok","https://www.tiktok.com/@revilstudio.id","revilstudio.id","2025-09-04","2025-12-12","MOU submitted","dona","是","Video:4","2104 / 2254 / 2011 / 2182 / 2131","泛生活种草","家庭实用","口播讲解","家庭实用型","家庭用户","家居生活","","LetMe","种草强","潜力达人","已初筛","https://www.tiktok.com/@revilstudio.id","2026-03-18批量初筛：主要依据账号命名/公开定位与历史合作SPU（2104 / 2254 / 2011 / 2182 / 2131）完成第一版归档，建议后续抽查近期视频再细化。"
"rizkiaa__","4","Tiktok","https://www.tiktok.com/@rizkiaa__","rizkiaa__","2025-09-25","2026-01-17","Pending MOU","lida","是","Video:4","2253 / 1231 / 2243","泛生活种草","家庭实用","口播讲解","家庭实用型","家庭用户","家居生活","","LetMe / Sparco","种草强","潜力达人","已初筛","https://www.tiktok.com/@rizkiaa__","2026-03-18批量初筛：主要依据账号命名/公开定位与历史合作SPU（2253 / 1231 / 2243）完成第一版归档，建议后续抽查近期视频再细化。"
"sellymrslina26","4","Tiktok","https://www.tiktok.com/@sellymrslina26","sellymrslina26","2025-01-25","2025-10-24","MOU submitted","sely","是","Video:4","1231 / SP-BB3-013 / 1132","服饰穿搭","穿搭搭配","清单推荐","甜美少女型","学生党","时尚饰品","戒指","Sparco","种草强","潜力达人","已初筛","https://www.tiktok.com/@sellymrslina26","2026-03-18批量初筛：主要依据账号命名/公开定位与历史合作SPU（1231 / SP-BB3-013 / 1132）完成第一版归档，建议后续抽查近期视频再细化。"
"summer_blush0","4","Tiktok","https://www.tiktok.com/@summer_blush0","summer_blush0","2024-12-31","2025-09-02","Pending publish review","sely","是","Video:4","1231 / 2138 / 2034 / 2080","泛生活种草","家庭实用","口播讲解","家庭实用型","家庭用户","家居生活","","LetMe","种草强","潜力达人","已初筛","https://www.tiktok.com/@summer_blush0","2026-03-18批量初筛：主要依据账号命名/公开定位与历史合作SPU（1231 / 2138 / 2034 / 2080）完成第一版归档，建议后续抽查近期视频再细化。"
"theycallmesah","4","Tiktok","https://www.tiktok.com/@theycallmesah","theycallmesah","2025-06-11","2025-07-22","MOU submitted","dona","否","Video:4","2174 / 2005","泛生活种草","家庭实用","口播讲解","家庭实用型","家庭用户","家居生活","","LetMe","种草强","潜力达人","已初筛","https://www.tiktok.com/@theycallmesah","2026-03-18批量初筛：主要依据账号命名/公开定位与历史合作SPU（2174 / 2005）完成第一版归档，建议后续抽查近期视频再细化。"
"tintin.lie","4","Tiktok","https://www.tiktok.com/@tintin.lie","tintin.lie","2025-06-17","2026-03-12","Pending MOU","dona","是","Video:4","2116 / 2147 / 2253 / 2043 / 2031","泛生活种草","家庭实用","口播讲解","家庭实用型","家庭用户","家居生活","","LetMe","种草强","潜力达人","已初筛","https://www.tiktok.com/@tintin.lie","2026-03-18批量初筛：主要依据账号命名/公开定位与历史合作SPU（2116 / 2147 / 2253 / 2043 / 2031）完成第一版归档，建议后续抽查近期视频再细化。"
"_nengenna","3","Tiktok","https://www.tiktok.com/@_nengenna","_nengenna","2025-07-23","2026-01-06","MOU submitted","lida","是","Video:3","2104 / 2237","泛生活种草","家庭实用","口播讲解","家庭实用型","家庭用户","家居生活","","LetMe","种草强","潜力达人","已初筛","https://www.tiktok.com/@_nengenna","2026-03-18批量初筛：主要依据账号命名/公开定位与历史合作SPU（2104 / 2237）完成第一版归档，建议后续抽查近期视频再细化。"
"_sepallsepill","3","Tiktok","https://www.tiktok.com/@_sepallsepill","_sepallsepill","2024-11-14","2025-10-30","MOU submitted","sely","是","Video:4","1341 / 1231 / 1045 / SP-BB3-013","服饰穿搭","穿搭搭配","清单推荐","甜美少女型","学生党","时尚饰品","戒指","Sparco","种草强","潜力达人","已初筛","https://www.tiktok.com/@_sepallsepill","2026-03-18批量初筛：主要依据账号命名/公开定位与历史合作SPU（1341 / 1231 / 1045 / SP-BB3-013）完成第一版归档，建议后续抽查近期视频再细化。"
"abouturdqy__","3","Tiktok","https://www.tiktok.com/@abouturdqy__","abouturdqy__","2025-04-25","2025-10-01","MOU submitted","lida","是","Video:2 / Live:1","1231 / 1238 / 1132 / 1121 / 1260 / 1224 / SP-BB3-013 / SP-BB3-008-NEW / 1135 / 1111","服饰穿搭","穿搭搭配","清单推荐","甜美少女型","学生党","时尚饰品","戒指","Sparco","种草强","潜力达人","已初筛","https://www.tiktok.com/@abouturdqy__","2026-03-18批量初筛：主要依据账号命名/公开定位与历史合作SPU（1231 / 1238 / 1132 / 1121 / 1260 / 1224 / SP-BB3-013 / SP-BB3-008-NEW / 1135 / 1111）完成第一版归档，建议后续抽查近期视频再细化。"
"adindaprsty","3","Tiktok","https://www.tiktok.com/@adindaprsty","adindaprsty","2025-08-27","2026-01-29","MOU submitted","lida","是","Video:3","1384 / 1341 / 1231","服饰穿搭","穿搭搭配","清单推荐","甜美少女型","学生党","时尚饰品","戒指","Sparco","种草强","潜力达人","已初筛","https://www.tiktok.com/@adindaprsty","2026-03-18批量初筛：主要依据账号命名/公开定位与历史合作SPU（1384 / 1341 / 1231）完成第一版归档，建议后续抽查近期视频再细化。"
"adindazoyaa","3","Tiktok","https://www.tiktok.com/@adindazoyaa","adindazoyaa","2025-03-29","2025-11-05","Pending publish review","sely","是","Video:3","1341 / 1231 / SP-BB3-013","服饰穿搭","穿搭搭配","清单推荐","甜美少女型","学生党","时尚饰品","戒指","Sparco","种草强","潜力达人","已初筛","https://www.tiktok.com/@adindazoyaa","2026-03-18批量初筛：主要依据账号命名/公开定位与历史合作SPU（1341 / 1231 / SP-BB3-013）完成第一版归档，建议后续抽查近期视频再细化。"
"agstinsmrni_ds","3","Tiktok","https://www.tiktok.com/@agstinsmrni_ds","agstinsmrni_ds","2025-07-14","2026-01-14","MOU submitted","sely","是","Video:3","1224 / 1231 / 2011","服饰穿搭","穿搭搭配","清单推荐","甜美少女型","学生党","时尚饰品","戒指","Sparco / LetMe","种草强","潜力达人","已初筛","https://www.tiktok.com/@agstinsmrni_ds","2026-03-18批量初筛：主要依据账号命名/公开定位与历史合作SPU（1224 / 1231 / 2011）完成第一版归档，建议后续抽查近期视频再细化。"
"alleya.home","3","Tiktok","https://www.tiktok.com/@alleya.home","alleya.home","2025-03-21","2026-03-04","MOU submitted","lida","是","Video:3","2032 / 2258 / 2125","家居生活","家庭实用","口播讲解","家庭实用型","家庭用户","家居生活","","LetMe","种草强","潜力达人","已初筛","https://www.tiktok.com/@alleya.home","2026-03-18批量初筛：主要依据账号命名/公开定位与历史合作SPU（2032 / 2258 / 2125）完成第一版归档，建议后续抽查近期视频再细化。"
"almiramiraa_","3","Tiktok","https://www.tiktok.com/@almiramiraa_","almiramiraa_","2025-08-11","2026-01-30","MOU submitted","lida","是","Video:3","1339 / 1224 / 1231","服饰穿搭","穿搭搭配","清单推荐","甜美少女型","学生党","时尚饰品","戒指","Sparco","种草强","潜力达人","已初筛","https://www.tiktok.com/@almiramiraa_","2026-03-18批量初筛：主要依据账号命名/公开定位与历史合作SPU（1339 / 1224 / 1231）完成第一版归档，建议后续抽查近期视频再细化。"
"anisathohiriyah","3","Tiktok","https://www.tiktok.com/@anisathohiriyah","anisathohiriyah","2025-06-09","2025-07-02","Pending MOU","sely","否","Video:2 / Live:1","1231 / 1339 / 5000 / 5002 / 5003 / 5004 / 5001 / 5007 / 5005 / 5006","美妆护肤","教程教学","口播讲解","精致时尚型","女性白领","护肤品","精华喷雾","ICYEE","种草强","潜力达人","已初筛","https://www.tiktok.com/@anisathohiriyah","2026-03-18批量初筛：主要依据账号命名/公开定位与历史合作SPU（1231 / 1339 / 5000 / 5002 / 5003 / 5004 / 5001 / 5007 / 5005 / 5006）完成第一版归档，建议后续抽查近期视频再细化。"
"anitaelest","3","Tiktok","https://www.tiktok.com/@anitaelest","anitaelest","2025-04-11","2026-01-15","MOU submitted","dewa","是","Video:3","4006 / 4002","美发造型","教程教学","现场演示","改造变美型","女性白领","美发工具","直发梳","Stypro","演示强","潜力达人","已初筛","https://www.tiktok.com/@anitaelest","2026-03-18批量初筛：主要依据账号命名/公开定位与历史合作SPU（4006 / 4002）完成第一版归档，建议后续抽查近期视频再细化。"
"apizdisini","3","Tiktok","https://www.tiktok.com/@apizdisini","apizdisini","2025-08-17","2026-02-05","MOU submitted","dona","是","Video:3","2254 / 2005 / 2104 / 2174 / 2032","泛生活种草","家庭实用","口播讲解","家庭实用型","家庭用户","家居生活","","LetMe","短视频强","潜力达人","已初筛","https://www.tiktok.com/@apizdisini","2026-03-18批量初筛：主要依据账号命名/公开定位与历史合作SPU（2254 / 2005 / 2104 / 2174 / 2032）完成第一版归档，建议后续抽查近期视频再细化。"
"arinvias","3","Tiktok","https://www.tiktok.com/@arinvias","arinvias","2025-08-21","2025-12-24","MOU submitted","sely","是","Video:3","SP-BA1-005-01 / 1224 / 1231","服饰穿搭","穿搭搭配","清单推荐","甜美少女型","学生党","时尚饰品","戒指","Sparco","种草强","潜力达人","已初筛","https://www.tiktok.com/@arinvias","2026-03-18批量初筛：主要依据账号命名/公开定位与历史合作SPU（SP-BA1-005-01 / 1224 / 1231）完成第一版归档，建议后续抽查近期视频再细化。"
"asidik098","3","Tiktok","https://www.tiktok.com/@asidik098","asidik098","2025-12-26","2026-02-10","MOU submitted","lida","是","Video:3","2043 / 2174 / 2254 / 2092","泛生活种草","家庭实用","口播讲解","家庭实用型","家庭用户","家居生活","","LetMe","种草强","潜力达人","已初筛","https://www.tiktok.com/@asidik098","2026-03-18批量初筛：主要依据账号命名/公开定位与历史合作SPU（2043 / 2174 / 2254 / 2092）完成第一版归档，建议后续抽查近期视频再细化。"
"azzura_homesthetics","3","Tiktok","https://www.tiktok.com/@azzura_homesthetics","azzura_homesthetics","2025-11-05","2026-02-26","Pending MOU","dona","是","Video:2 / Live:1","2031 / 2253 / 2141","家居生活","家庭实用","口播讲解","家庭实用型","家庭用户","家居生活","","LetMe","种草强","潜力达人","已初筛","https://www.tiktok.com/@azzura_homesthetics","2026-03-18批量初筛：主要依据账号命名/公开定位与历史合作SPU（2031 / 2253 / 2141）完成第一版归档，建议后续抽查近期视频再细化。"
"bblie_","3","Tiktok","https://www.tiktok.com/@bblie_","bblie_","2025-07-24","2026-01-13","MOU submitted","dona","是","Video:3","2253 / 2137 / 2132 / 2040 / 2141","泛生活种草","家庭实用","口播讲解","家庭实用型","家庭用户","家居生活","","LetMe","种草强","潜力达人","已初筛","https://www.tiktok.com/@bblie_","2026-03-18批量初筛：主要依据账号命名/公开定位与历史合作SPU（2253 / 2137 / 2132 / 2040 / 2141）完成第一版归档，建议后续抽查近期视频再细化。"
"belizzi777","3","Tiktok","https://www.tiktok.com/@belizzi777","belizzi777","2024-11-05","2025-04-25","MOU submitted","lida","是","Video:3","1231 / 1102 / 1045 / 1132","服饰穿搭","穿搭搭配","清单推荐","甜美少女型","学生党","时尚饰品","戒指","Sparco","种草强","潜力达人","已初筛","https://www.tiktok.com/@belizzi777","2026-03-18批量初筛：主要依据账号命名/公开定位与历史合作SPU（1231 / 1102 / 1045 / 1132）完成第一版归档，建议后续抽查近期视频再细化。"
"cakeqy","3","Tiktok","https://www.tiktok.com/@cakeqy","cakeqy","2025-03-29","2025-07-17","Pending MOU","dewa","是","Video:4","4007 / 4006 / 5004 / 5007 / 4002","美发造型","教程教学","现场演示","改造变美型","女性白领","美发工具","直发梳","Stypro / ICYEE","演示强","潜力达人","已初筛","https://www.tiktok.com/@cakeqy","2026-03-18批量初筛：主要依据账号命名/公开定位与历史合作SPU（4007 / 4006 / 5004 / 5007 / 4002）完成第一版归档，建议后续抽查近期视频再细化。"
"capslock_ed.","3","Tiktok","https://www.tiktok.com/@capslock_ed.","capslock_ed.","2025-03-29","2025-11-13","MOU submitted","dewa","是","Video:3","4017 / 4007 / 4002","美发造型","教程教学","现场演示","改造变美型","女性白领","美发工具","直发梳","Stypro","演示强","潜力达人","已初筛","https://www.tiktok.com/@capslock_ed.","2026-03-18批量初筛：主要依据账号命名/公开定位与历史合作SPU（4017 / 4007 / 4002）完成第一版归档，建议后续抽查近期视频再细化。"
"celtryana","3","","https://www.tiktok.com/@celtryana","celtryana","","","","","否","","","泛生活种草","家庭实用","口播讲解","家庭实用型","家庭用户","家居生活","","LetMe","种草强","潜力达人","已初筛","https://www.tiktok.com/@celtryana","2026-03-18批量初筛：主要依据账号命名/公开定位与历史合作SPU（无）完成第一版归档，建议后续抽查近期视频再细化。"
"cicik.review","3","Tiktok","https://www.tiktok.com/@cicik.review","cicik.review","2025-08-25","2025-11-24","Pending MOU","dona","否","Video:3","2269 / 2043 / 4005","家居生活","家庭实用","口播讲解","家庭实用型","家庭用户","家居生活","","LetMe / Stypro","短视频强","潜力达人","已初筛","https://www.tiktok.com/@cicik.review","2026-03-18批量初筛：主要依据账号命名/公开定位与历史合作SPU（2269 / 2043 / 4005）完成第一版归档，建议后续抽查近期视频再细化。"
"cindyangelikaa","3","Tiktok","https://www.tiktok.com/@cindyangelikaa","cindyangelikaa","2025-02-26","2025-12-11","MOU submitted","dona","是","Video:3","2104 / 2269 / 1341 / 1231","泛生活种草","家庭实用","口播讲解","家庭实用型","家庭用户","家居生活","","LetMe / Sparco","种草强","潜力达人","已初筛","https://www.tiktok.com/@cindyangelikaa","2026-03-18批量初筛：主要依据账号命名/公开定位与历史合作SPU（2104 / 2269 / 1341 / 1231）完成第一版归档，建议后续抽查近期视频再细化。"
"deardlala","3","Tiktok","https://www.tiktok.com/@deardlala","deardlala","2025-06-23","2025-09-10","Pending MOU","sely","是","Video:3","1224 / 1231 / 2131 / 2031","泛生活种草","家庭实用","口播讲解","家庭实用型","家庭用户","家居生活","","LetMe / Sparco","种草强","潜力达人","已初筛","https://www.tiktok.com/@deardlala","2026-03-18批量初筛：主要依据账号命名/公开定位与历史合作SPU（1224 / 1231 / 2131 / 2031）完成第一版归档，建议后续抽查近期视频再细化。"
"derikaciawi","3","Tiktok","https://www.tiktok.com/@derikaciawi","derikaciawi","2025-03-14","2025-12-05","MOU submitted","dewa","是","Video:3","4018 / 2132 / 4002","美发造型","教程教学","现场演示","改造变美型","女性白领","美发工具","直发梳","Stypro / LetMe","演示强","潜力达人","已初筛","https://www.tiktok.com/@derikaciawi","2026-03-18批量初筛：主要依据账号命名/公开定位与历史合作SPU（4018 / 2132 / 4002）完成第一版归档，建议后续抽查近期视频再细化。"
"desirahayu_21","3","Tiktok","https://www.tiktok.com/@desirahayu_21","desirahayu_21","2025-08-02","2026-03-09","Pending MOU","sely","是","Video:5","1396 / 1389 / 1384 / 1234 / 1231","服饰穿搭","穿搭搭配","清单推荐","甜美少女型","学生党","时尚饰品","戒指","Sparco","种草强","潜力达人","已初筛","https://www.tiktok.com/@desirahayu_21","2026-03-18批量初筛：主要依据账号命名/公开定位与历史合作SPU（1396 / 1389 / 1384 / 1234 / 1231）完成第一版归档，建议后续抽查近期视频再细化。"
"dillafajrin02","3","Tiktok","https://www.tiktok.com/@dillafajrin02","dillafajrin02","2025-02-22","2026-01-19","MOU submitted","lida","是","Video:3","1132 / 1231 / SP-BB3-013","服饰穿搭","穿搭搭配","清单推荐","甜美少女型","学生党","时尚饰品","戒指","Sparco","种草强","潜力达人","已初筛","https://www.tiktok.com/@dillafajrin02","2026-03-18批量初筛：主要依据账号命名/公开定位与历史合作SPU（1132 / 1231 / SP-BB3-013）完成第一版归档，建议后续抽查近期视频再细化。"
"egaaa927","3","Tiktok","https://www.tiktok.com/@egaaa927","egaaa927","2025-03-10","2026-01-15","MOU submitted","sely","是","Video:3","1234 / 1224 / 1132","服饰穿搭","穿搭搭配","清单推荐","甜美少女型","学生党","时尚饰品","戒指","Sparco","种草强","潜力达人","已初筛","https://www.tiktok.com/@egaaa927","2026-03-18批量初筛：主要依据账号命名/公开定位与历史合作SPU（1234 / 1224 / 1132）完成第一版归档，建议后续抽查近期视频再细化。"
"egapuspasahya","3","Tiktok","https://www.tiktok.com/@egapuspasahya","egapuspasahya","2025-05-09","2026-02-09","Pending MOU","dewa","是","Video:3","4016 / 4022 / 4002","美发造型","教程教学","现场演示","改造变美型","女性白领","美发工具","直发梳","Stypro","演示强","潜力达人","已初筛","https://www.tiktok.com/@egapuspasahya","2026-03-18批量初筛：主要依据账号命名/公开定位与历史合作SPU（4016 / 4022 / 4002）完成第一版归档，建议后续抽查近期视频再细化。"
"feltsoblue","3","Tiktok","https://www.tiktok.com/@feltsoblue","feltsoblue","2025-03-29","2025-09-24","MOU submitted","dewa","是","Video:3","4017 / 4005 / 4002","美发造型","教程教学","现场演示","改造变美型","女性白领","美发工具","直发梳","Stypro","演示强","潜力达人","已初筛","https://www.tiktok.com/@feltsoblue","2026-03-18批量初筛：主要依据账号命名/公开定位与历史合作SPU（4017 / 4005 / 4002）完成第一版归档，建议后续抽查近期视频再细化。"
"femalevogue11","3","Tiktok","https://www.tiktok.com/@femalevogue11","femalevogue11","2025-12-14","2025-12-12","MOU submitted","amanda","是","Video:3","5016 / 2104","美妆护肤","教程教学","口播讲解","甜美少女型","学生党","护肤品","面霜","ICYEE / LetMe","种草强","潜力达人","已初筛","https://www.tiktok.com/@femalevogue11","2026-03-18批量初筛：主要依据账号命名/公开定位与历史合作SPU（5016 / 2104）完成第一版归档，建议后续抽查近期视频再细化。"
"fitri_id18","3","Tiktok","https://www.tiktok.com/@fitri_id18","fitri_id18","2025-03-14","2026-01-30","MOU submitted","sely","是","Video:3","1384 / 1126 / 1231","服饰穿搭","穿搭搭配","清单推荐","甜美少女型","学生党","时尚饰品","戒指","Sparco","种草强","潜力达人","已初筛","https://www.tiktok.com/@fitri_id18","2026-03-18批量初筛：主要依据账号命名/公开定位与历史合作SPU（1384 / 1126 / 1231）完成第一版归档，建议后续抽查近期视频再细化。"
"gabriel.vitrani","3","Tiktok","https://www.tiktok.com/@gabriel.vitrani","gabriel.vitrani","2025-01-25","2025-02-03","MOU submitted","lida","否","Video:1 / Live:1","1132 / 1215 / SP-BA3-007-5C","服饰穿搭","穿搭搭配","清单推荐","甜美少女型","学生党","时尚饰品","戒指","Sparco","种草强","潜力达人","已初筛","https://www.tiktok.com/@gabriel.vitrani","2026-03-18批量初筛：主要依据账号命名/公开定位与历史合作SPU（1132 / 1215 / SP-BA3-007-5C）完成第一版归档，建议后续抽查近期视频再细化。"
"gabrielstevey","3","","https://www.tiktok.com/@gabrielstevey","gabrielstevey","","","","","否","","","泛生活种草","家庭实用","口播讲解","家庭实用型","家庭用户","家居生活","","LetMe","种草强","潜力达人","已初筛","https://www.tiktok.com/@gabrielstevey","2026-03-18批量初筛：主要依据账号命名/公开定位与历史合作SPU（无）完成第一版归档，建议后续抽查近期视频再细化。"
"hai.mom_store","3","Tiktok","https://www.tiktok.com/@hai.mom_store","hai.mom_store","2025-01-25","2026-02-04","Pending MOU","lida","是","Live:2 / Video:1","2043 / 2080 / 2046","家居生活","家庭实用","口播讲解","家庭实用型","家庭用户","家居生活","","LetMe","短视频强","潜力达人","已初筛","https://www.tiktok.com/@hai.mom_store","2026-03-18批量初筛：主要依据账号命名/公开定位与历史合作SPU（2043 / 2080 / 2046）完成第一版归档，建议后续抽查近期视频再细化。"
"hanicann","3","Tiktok","https://www.tiktok.com/@hanicann","hanicann","2025-10-29","2025-11-05","MOU submitted","amanda","否","Video:3","5015 / 5013 / 5014","美妆护肤","教程教学","口播讲解","精致时尚型","女性白领","护肤品","面霜","ICYEE","种草强","潜力达人","已初筛","https://www.tiktok.com/@hanicann","2026-03-18批量初筛：主要依据账号命名/公开定位与历史合作SPU（5015 / 5013 / 5014）完成第一版归档，建议后续抽查近期视频再细化。"
"haulbyping","3","Tiktok","https://www.tiktok.com/@haulbyping","haulbyping","2025-07-11","2025-10-15","Pending publish review","dona","是","Video:3","2237 / 1365 / SP-BB3-013","服饰穿搭","穿搭搭配","清单推荐","甜美少女型","学生党","时尚饰品","手链","Sparco / LetMe","种草强","潜力达人","已初筛","https://www.tiktok.com/@haulbyping","2026-03-18批量初筛：主要依据账号命名/公开定位与历史合作SPU（2237 / 1365 / SP-BB3-013）完成第一版归档，建议后续抽查近期视频再细化。"
"hennni","3","Tiktok","https://www.tiktok.com/@hennni","hennni","2025-06-06","2025-11-03","MOU submitted","lida","否","Video:3","2253 / 1231 / 4002","泛生活种草","家庭实用","口播讲解","家庭实用型","家庭用户","家居生活","","LetMe / Sparco","种草强","潜力达人","已初筛","https://www.tiktok.com/@hennni","2026-03-18批量初筛：主要依据账号命名/公开定位与历史合作SPU（2253 / 1231 / 4002）完成第一版归档，建议后续抽查近期视频再细化。"
"hettylamrya","3","Tiktok","https://www.tiktok.com/@hettylamrya","hettylamrya","2025-02-20","2025-03-26","Published","amanda","是","Video:3","5000","美妆护肤","教程教学","口播讲解","精致时尚型","女性白领","护肤品","面霜","ICYEE","种草强","潜力达人","已初筛","https://www.tiktok.com/@hettylamrya","2026-03-18批量初筛：主要依据账号命名/公开定位与历史合作SPU（5000）完成第一版归档，建议后续抽查近期视频再细化。"
"heytayooo7","3","Tiktok","https://www.tiktok.com/@heytayooo7","heytayooo7","2024-08-27","2024-08-29","Pending MOU","rizal","否","Live:2 / Video:1","2037 / 2015 / 2020 / 2046","泛生活种草","家庭实用","口播讲解","家庭实用型","家庭用户","家居生活","","LetMe","种草强","潜力达人","已初筛","https://www.tiktok.com/@heytayooo7","2026-03-18批量初筛：主要依据账号命名/公开定位与历史合作SPU（2037 / 2015 / 2020 / 2046）完成第一版归档，建议后续抽查近期视频再细化。"
"hullapii","3","Tiktok","https://www.tiktok.com/@hullapii","hullapii","2025-06-26","2026-01-29","MOU submitted","lida","是","Video:3","1384 / 2031 / 1012","服饰穿搭","穿搭搭配","清单推荐","甜美少女型","学生党","时尚饰品","戒指","Sparco / LetMe","种草强","潜力达人","已初筛","https://www.tiktok.com/@hullapii","2026-03-18批量初筛：主要依据账号命名/公开定位与历史合作SPU（1384 / 2031 / 1012）完成第一版归档，建议后续抽查近期视频再细化。"
"hyori_collections","3","Tiktok","https://www.tiktok.com/@hyori_collections","hyori_collections","2025-07-04","2025-09-29","MOU submitted","dewa","是","Video:3","4007 / 4008 / 4002 / 4005 / 4006","美发造型","教程教学","现场演示","改造变美型","女性白领","美发工具","直发梳","Stypro","演示强","潜力达人","已初筛","https://www.tiktok.com/@hyori_collections","2026-03-18批量初筛：主要依据账号命名/公开定位与历史合作SPU（4007 / 4008 / 4002 / 4005 / 4006）完成第一版归档，建议后续抽查近期视频再细化。"
"ichaaapedehh","3","Tiktok","https://www.tiktok.com/@ichaaapedehh","ichaaapedehh","2024-08-26","2024-10-15","MOU submitted","tanya","否","Live:5","1002 / 1003 / 1120 / 1127 / 1058 / 1072 / 1132 / 1043 / 1044 / 1045","服饰穿搭","穿搭搭配","清单推荐","甜美少女型","学生党","时尚饰品","戒指","Sparco","种草强","潜力达人","已初筛","https://www.tiktok.com/@ichaaapedehh","2026-03-18批量初筛：主要依据账号命名/公开定位与历史合作SPU（1002 / 1003 / 1120 / 1127 / 1058 / 1072 / 1132 / 1043 / 1044 / 1045）完成第一版归档，建议后续抽查近期视频再细化。"
"iky_mubarak","3","Tiktok","https://www.tiktok.com/@iky_mubarak","iky_mubarak","2025-08-01","2025-11-27","MOU submitted","dona","是","Video:4","2269 / 2141 / 2237 / 2104","泛生活种草","家庭实用","口播讲解","家庭实用型","家庭用户","家居生活","","LetMe","种草强","潜力达人","已初筛","https://www.tiktok.com/@iky_mubarak","2026-03-18批量初筛：主要依据账号命名/公开定位与历史合作SPU（2269 / 2141 / 2237 / 2104）完成第一版归档，建议后续抽查近期视频再细化。"
"imtheresiaaa","3","Tiktok","https://www.tiktok.com/@imtheresiaaa","imtheresiaaa","2026-01-27","2026-01-30","Review rejected","nurulita","否","Video:5","4005 / 4002 / 4019","美发造型","教程教学","现场演示","改造变美型","女性白领","美发工具","直发梳","Stypro","演示强","潜力达人","已初筛","https://www.tiktok.com/@imtheresiaaa","2026-03-18批量初筛：主要依据账号命名/公开定位与历史合作SPU（4005 / 4002 / 4019）完成第一版归档，建议后续抽查近期视频再细化。"
"iniziraajuga","3","Tiktok","https://www.tiktok.com/@iniziraajuga","iniziraajuga","2025-07-09","2025-12-24","MOU submitted","lida","是","Video:3","1231 / SP-BB3-013","服饰穿搭","穿搭搭配","清单推荐","甜美少女型","学生党","时尚饰品","戒指","Sparco","种草强","潜力达人","已初筛","https://www.tiktok.com/@iniziraajuga","2026-03-18批量初筛：主要依据账号命名/公开定位与历史合作SPU（1231 / SP-BB3-013）完成第一版归档，建议后续抽查近期视频再细化。"
"itsmeclysta","3","Tiktok","https://www.tiktok.com/@itsmeclysta","itsmeclysta","2025-09-15","2026-02-05","MOU submitted","dona","是","Video:3","2244 / 2243 / 1231","泛生活种草","家庭实用","口播讲解","家庭实用型","家庭用户","家居生活","","LetMe / Sparco","种草强","潜力达人","已初筛","https://www.tiktok.com/@itsmeclysta","2026-03-18批量初筛：主要依据账号命名/公开定位与历史合作SPU（2244 / 2243 / 1231）完成第一版归档，建议后续抽查近期视频再细化。"
"itsmestasi","3","Tiktok","https://www.tiktok.com/@itsmestasi","itsmestasi","2025-06-06","2025-11-11","MOU submitted","lida","否","Video:2","1231 / 4002","服饰穿搭","穿搭搭配","清单推荐","甜美少女型","学生党","时尚饰品","戒指","Sparco / Stypro","种草强","潜力达人","已初筛","https://www.tiktok.com/@itsmestasi","2026-03-18批量初筛：主要依据账号命名/公开定位与历史合作SPU（1231 / 4002）完成第一版归档，建议后续抽查近期视频再细化。"
"jocelynabigail_","3","Tiktok","https://www.tiktok.com/@jocelynabigail_","jocelynabigail_","2025-06-18","2025-09-15","MOU submitted","dona","是","Video:3","2027 / 2190 / 2132","泛生活种草","家庭实用","口播讲解","家庭实用型","家庭用户","家居生活","","LetMe","种草强","潜力达人","已初筛","https://www.tiktok.com/@jocelynabigail_","2026-03-18批量初筛：主要依据账号命名/公开定位与历史合作SPU（2027 / 2190 / 2132）完成第一版归档，建议后续抽查近期视频再细化。"
"johanasra77","3","Tiktok","https://www.tiktok.com/@johanasra77","johanasra77","2024-11-05","2025-09-19","MOU submitted","dona","是","Video:2 / Live:1","2131 / 2011","泛生活种草","家庭实用","口播讲解","家庭实用型","家庭用户","家居生活","","LetMe","种草强","潜力达人","已初筛","https://www.tiktok.com/@johanasra77","2026-03-18批量初筛：主要依据账号命名/公开定位与历史合作SPU（2131 / 2011）完成第一版归档，建议后续抽查近期视频再细化。"
"jordionsu.official.","3","Tiktok","https://www.tiktok.com/@jordionsu.official.","jordionsu.official.","2025-09-26","2025-10-09","MOU submitted","dewa","是","Live:4","4002 / 4005 / 4006 / 4007 / 4008 / 4017 / 4022","美发造型","教程教学","现场演示","改造变美型","女性白领","美发工具","直发梳","Stypro","种草强","潜力达人","已初筛","https://www.tiktok.com/@jordionsu.official.","2026-03-18批量初筛：主要依据账号命名/公开定位与历史合作SPU（4002 / 4005 / 4006 / 4007 / 4008 / 4017 / 4022）完成第一版归档，建议后续抽查近期视频再细化。"
"joy.family.88","3","Tiktok","https://www.tiktok.com/@joy.family.88","joy.family.88","2025-07-04","2025-12-16","Pending MOU","dona","是","Video:3","2254 / 2011 / 2043","家居生活","家庭实用","口播讲解","家庭实用型","家庭用户","家居生活","","LetMe","种草强","潜力达人","已初筛","https://www.tiktok.com/@joy.family.88","2026-03-18批量初筛：主要依据账号命名/公开定位与历史合作SPU（2254 / 2011 / 2043）完成第一版归档，建议后续抽查近期视频再细化。"
"jsp.mrg","3","Tiktok","https://www.tiktok.com/@jsp.mrg","jsp.mrg","2025-07-31","2025-12-01","MOU submitted","dona","是","Video:3","2269 / 1341 / 1231","服饰穿搭","穿搭搭配","清单推荐","甜美少女型","学生党","时尚饰品","戒指","Sparco / LetMe","种草强","潜力达人","已初筛","https://www.tiktok.com/@jsp.mrg","2026-03-18批量初筛：主要依据账号命名/公开定位与历史合作SPU（2269 / 1341 / 1231）完成第一版归档，建议后续抽查近期视频再细化。"
"justalittlegurl___","3","Tiktok","https://www.tiktok.com/@justalittlegurl___","justalittlegurl___","2025-11-05","2026-02-06","MOU submitted","dona","是","Video:3","2138 / 2104 / 2141","泛生活种草","家庭实用","口播讲解","家庭实用型","家庭用户","家居生活","","LetMe","种草强","潜力达人","已初筛","https://www.tiktok.com/@justalittlegurl___","2026-03-18批量初筛：主要依据账号命名/公开定位与历史合作SPU（2138 / 2104 / 2141）完成第一版归档，建议后续抽查近期视频再细化。"
"kangnizarofficial","3","Tiktok","https://www.tiktok.com/@kangnizarofficial","kangnizarofficial","2025-07-23","2025-12-18","Pending MOU","dona","是","Video:3","2254 / 2104 / 2011","泛生活种草","家庭实用","口播讲解","家庭实用型","家庭用户","家居生活","","LetMe","短视频强","潜力达人","已初筛","https://www.tiktok.com/@kangnizarofficial","2026-03-18批量初筛：主要依据账号命名/公开定位与历史合作SPU（2254 / 2104 / 2011）完成第一版归档，建议后续抽查近期视频再细化。"
"karinapermatadn","3","Tiktok","https://www.tiktok.com/@karinapermatadn","karinapermatadn","2025-02-22","2025-07-24","Review rejected","dewa","是","Special live broadcast:2 / Video:2","4005 / 4006 / 4007 / 4008 / 4009 / 4002","美发造型","教程教学","现场演示","改造变美型","女性白领","美发工具","直发梳","Stypro","演示强","潜力达人","已初筛","https://www.tiktok.com/@karinapermatadn","2026-03-18批量初筛：主要依据账号命名/公开定位与历史合作SPU（4005 / 4006 / 4007 / 4008 / 4009 / 4002）完成第一版归档，建议后续抽查近期视频再细化。"
"liis.__","3","Tiktok","https://www.tiktok.com/@liis.__","liis.__","2025-07-08","2026-02-02","Pending publish review","sely","是","Video:3","1231 / SP-BB3-013","服饰穿搭","穿搭搭配","清单推荐","甜美少女型","学生党","时尚饰品","戒指","Sparco","种草强","潜力达人","已初筛","https://www.tiktok.com/@liis.__","2026-03-18批量初筛：主要依据账号命名/公开定位与历史合作SPU（1231 / SP-BB3-013）完成第一版归档，建议后续抽查近期视频再细化。"
"meditapriliana","3","Tiktok","https://www.tiktok.com/@meditapriliana","meditapriliana","2024-06-05","2024-10-31","Published","lida","否","Video:4","1012 / SP-BB3-008 / 1102 / SP-BA3-007 / 1045 / 1058","服饰穿搭","穿搭搭配","清单推荐","甜美少女型","学生党","时尚饰品","戒指","Sparco","种草强","潜力达人","已初筛","https://www.tiktok.com/@meditapriliana","2026-03-18批量初筛：主要依据账号命名/公开定位与历史合作SPU（1012 / SP-BB3-008 / 1102 / SP-BA3-007 / 1045 / 1058）完成第一版归档，建议后续抽查近期视频再细化。"
"meydychairany","3","Tiktok","https://www.tiktok.com/@meydychairany","meydychairany","2025-03-08","2025-10-14","MOU submitted","dona","是","Video:3","2104 / 2174 / 2032 / 2058","泛生活种草","家庭实用","口播讲解","家庭实用型","家庭用户","家居生活","","LetMe","种草强","潜力达人","已初筛","https://www.tiktok.com/@meydychairany","2026-03-18批量初筛：主要依据账号命名/公开定位与历史合作SPU（2104 / 2174 / 2032 / 2058）完成第一版归档，建议后续抽查近期视频再细化。"
"mirandygema","3","Tiktok","https://www.tiktok.com/@mirandygema","mirandygema","2025-11-04","2026-02-25","MOU submitted","dona","是","Video:3","2062 / 2104 / 2141 / 2131","泛生活种草","家庭实用","口播讲解","家庭实用型","家庭用户","家居生活","","LetMe","种草强","潜力达人","已初筛","https://www.tiktok.com/@mirandygema","2026-03-18批量初筛：主要依据账号命名/公开定位与历史合作SPU（2062 / 2104 / 2141 / 2131）完成第一版归档，建议后续抽查近期视频再细化。"
"mixezliving","3","Tiktok","https://www.tiktok.com/@mixezliving","mixezliving","2025-09-04","2026-03-10","Pending MOU","dona","是","Video:3","2138 / 2193 / 2254 / 2253 / 2175 / 2131","家居生活","家庭实用","口播讲解","家庭实用型","家庭用户","家居生活","","LetMe","种草强","潜力达人","已初筛","https://www.tiktok.com/@mixezliving","2026-03-18批量初筛：主要依据账号命名/公开定位与历史合作SPU（2138 / 2193 / 2254 / 2253 / 2175 / 2131）完成第一版归档，建议后续抽查近期视频再细化。"
"munaliati16","3","Tiktok","https://www.tiktok.com/@munaliati16","munaliati16","2026-01-19","2026-03-10","Pending MOU","dona","是","Video:3","2116 / 2244 / 2122","泛生活种草","家庭实用","口播讲解","家庭实用型","家庭用户","家居生活","","LetMe","种草强","潜力达人","已初筛","https://www.tiktok.com/@munaliati16","2026-03-18批量初筛：主要依据账号命名/公开定位与历史合作SPU（2116 / 2244 / 2122）完成第一版归档，建议后续抽查近期视频再细化。"
"nadillayudithp","3","Tiktok","https://www.tiktok.com/@nadillayudithp","nadillayudithp","2025-10-13","2025-12-02","MOU submitted","dewa","是","Video:3","4019 / 4022 / 4005 / 4009","美发造型","教程教学","现场演示","改造变美型","女性白领","美发工具","直发梳","Stypro","演示强","潜力达人","已初筛","https://www.tiktok.com/@nadillayudithp","2026-03-18批量初筛：主要依据账号命名/公开定位与历史合作SPU（4019 / 4022 / 4005 / 4009）完成第一版归档，建议后续抽查近期视频再细化。"
"nalaaa.f","3","Tiktok","https://www.tiktok.com/@nalaaa.f","nalaaa.f","2025-03-22","2025-10-14","Pending publish review","amanda","否","Video:3","5015 / 5013 / 1231","美妆护肤","教程教学","口播讲解","精致时尚型","女性白领","护肤品","精华喷雾","ICYEE / Sparco","种草强","潜力达人","已初筛","https://www.tiktok.com/@nalaaa.f","2026-03-18批量初筛：主要依据账号命名/公开定位与历史合作SPU（5015 / 5013 / 1231）完成第一版归档，建议后续抽查近期视频再细化。"
"neng_wulwul","3","Tiktok","https://www.tiktok.com/@neng_wulwul","neng_wulwul","2025-06-18","2026-01-13","MOU submitted","dona","是","Video:3","2266 / 2043 / 2175 / 2237 / 2032 / 2104","泛生活种草","家庭实用","口播讲解","家庭实用型","家庭用户","家居生活","","LetMe","种草强","潜力达人","已初筛","https://www.tiktok.com/@neng_wulwul","2026-03-18批量初筛：主要依据账号命名/公开定位与历史合作SPU（2266 / 2043 / 2175 / 2237 / 2032 / 2104）完成第一版归档，建议后续抽查近期视频再细化。"
"novaliawilly","3","Tiktok","https://www.tiktok.com/@novaliawilly","novaliawilly","2025-06-18","2025-08-15","Pending publish review","dona","是","Live:2 / Video:1","2175 / 2184 / 2178 / 2031","泛生活种草","家庭实用","口播讲解","家庭实用型","家庭用户","家居生活","","LetMe","种草强","潜力达人","已初筛","https://www.tiktok.com/@novaliawilly","2026-03-18批量初筛：主要依据账号命名/公开定位与历史合作SPU（2175 / 2184 / 2178 / 2031）完成第一版归档，建议后续抽查近期视频再细化。"
"nuraghnia20","3","Tiktok","https://www.tiktok.com/@nuraghnia20","nuraghnia20","2024-12-14","2025-11-11","MOU submitted","lida","是","Video:3","1224 / 1339 / 1102 / 1003","服饰穿搭","穿搭搭配","清单推荐","甜美少女型","学生党","时尚饰品","戒指","Sparco","种草强","潜力达人","已初筛","https://www.tiktok.com/@nuraghnia20","2026-03-18批量初筛：主要依据账号命名/公开定位与历史合作SPU（1224 / 1339 / 1102 / 1003）完成第一版归档，建议后续抽查近期视频再细化。"
"nusa.bikin.konten","3","Tiktok","https://www.tiktok.com/@nusa.bikin.konten","nusa.bikin.konten","2024-09-09","2026-01-13","MOU submitted","lida","是","Video:3 / Live:1","2253 / 2131 / 2178 / 2011 / 2031","泛生活种草","家庭实用","口播讲解","家庭实用型","家庭用户","家居生活","","LetMe","短视频强","潜力达人","已初筛","https://www.tiktok.com/@nusa.bikin.konten","2026-03-18批量初筛：主要依据账号命名/公开定位与历史合作SPU（2253 / 2131 / 2178 / 2011 / 2031）完成第一版归档，建议后续抽查近期视频再细化。"
"nutrisarijerukp3ras","3","Tiktok","https://www.tiktok.com/@nutrisarijerukp3ras","nutrisarijerukp3ras","2025-10-09","2026-02-24","MOU submitted","dewa","是","Video:3","4016 / 4018 / 4005","美发造型","教程教学","现场演示","改造变美型","女性白领","美发工具","直发梳","Stypro","演示强","潜力达人","已初筛","https://www.tiktok.com/@nutrisarijerukp3ras","2026-03-18批量初筛：主要依据账号命名/公开定位与历史合作SPU（4016 / 4018 / 4005）完成第一版归档，建议后续抽查近期视频再细化。"
"nvta540","3","Tiktok","https://www.tiktok.com/@nvta540","nvta540","2025-02-22","2025-08-21","Pending publish review","lida","是","Video:3","1231 / SP-BB3-013 / 1224","服饰穿搭","穿搭搭配","清单推荐","甜美少女型","学生党","时尚饰品","戒指","Sparco","种草强","潜力达人","已初筛","https://www.tiktok.com/@nvta540","2026-03-18批量初筛：主要依据账号命名/公开定位与历史合作SPU（1231 / SP-BB3-013 / 1224）完成第一版归档，建议后续抽查近期视频再细化。"
"officialsang9","3","Tiktok","https://www.tiktok.com/@officialsang9","officialsang9","2025-05-08","2026-02-16","MOU submitted","dona","是","Video:3","2011 / 2254 / 2043 / 2005","泛生活种草","家庭实用","口播讲解","家庭实用型","家庭用户","家居生活","","LetMe","短视频强","潜力达人","已初筛","https://www.tiktok.com/@officialsang9","2026-03-18批量初筛：主要依据账号命名/公开定位与历史合作SPU（2011 / 2254 / 2043 / 2005）完成第一版归档，建议后续抽查近期视频再细化。"
"omkage.ok","3","Tiktok","https://www.tiktok.com/@omkage.ok","omkage.ok","2025-07-09","2025-12-12","MOU submitted","dona","是","Video:3","2104 / 2032 / 2141","泛生活种草","家庭实用","口播讲解","家庭实用型","家庭用户","家居生活","","LetMe","种草强","潜力达人","已初筛","https://www.tiktok.com/@omkage.ok","2026-03-18批量初筛：主要依据账号命名/公开定位与历史合作SPU（2104 / 2032 / 2141）完成第一版归档，建议后续抽查近期视频再细化。"
"only1_storee","3","Tiktok","https://www.tiktok.com/@only1_storee","only1_storee","2025-02-20","2025-12-31","Pending publish review","sely","是","Live:3","1135 / SP-AA1-001 / SP-AB1-002 / 1102","服饰穿搭","穿搭搭配","清单推荐","甜美少女型","学生党","时尚饰品","戒指","Sparco","种草强","潜力达人","已初筛","https://www.tiktok.com/@only1_storee","2026-03-18批量初筛：主要依据账号命名/公开定位与历史合作SPU（1135 / SP-AA1-001 / SP-AB1-002 / 1102）完成第一版归档，建议后续抽查近期视频再细化。"
"originalhouseware","3","Tiktok","https://www.tiktok.com/@originalhouseware","originalhouseware","2025-03-21","2025-08-21","Pending publish review","dona","是","Video:3","2131 / 2005 / 2059","家居生活","家庭实用","口播讲解","家庭实用型","家庭用户","家居生活","","LetMe","种草强","潜力达人","已初筛","https://www.tiktok.com/@originalhouseware","2026-03-18批量初筛：主要依据账号命名/公开定位与历史合作SPU（2131 / 2005 / 2059）完成第一版归档，建议后续抽查近期视频再细化。"
"pebepibi","3","Tiktok","https://www.tiktok.com/@pebepibi","pebepibi","2025-05-22","2026-03-03","Pending MOU","dewa","是","Video:3","4016 / 4019 / 4002","美发造型","教程教学","现场演示","改造变美型","女性白领","美发工具","直发梳","Stypro","演示强","潜力达人","已初筛","https://www.tiktok.com/@pebepibi","2026-03-18批量初筛：主要依据账号命名/公开定位与历史合作SPU（4016 / 4019 / 4002）完成第一版归档，建议后续抽查近期视频再细化。"
"pramuditans","3","Tiktok","https://www.tiktok.com/@pramuditans","pramuditans","2025-09-25","2026-01-22","Pending publish review","sely","是","Video:3","1234 / 1339 / 1231","服饰穿搭","穿搭搭配","清单推荐","甜美少女型","学生党","时尚饰品","戒指","Sparco","种草强","潜力达人","已初筛","https://www.tiktok.com/@pramuditans","2026-03-18批量初筛：主要依据账号命名/公开定位与历史合作SPU（1234 / 1339 / 1231）完成第一版归档，建议后续抽查近期视频再细化。"
"prawatyac","3","Tiktok","https://www.tiktok.com/@prawatyac","prawatyac","2024-10-09","2025-10-14","MOU submitted","lida","是","Video:3","2132 / 2141 / 2032","泛生活种草","家庭实用","口播讲解","家庭实用型","家庭用户","家居生活","","LetMe","种草强","潜力达人","已初筛","https://www.tiktok.com/@prawatyac","2026-03-18批量初筛：主要依据账号命名/公开定位与历史合作SPU（2132 / 2141 / 2032）完成第一版归档，建议后续抽查近期视频再细化。"
"qianashf","3","Tiktok","https://www.tiktok.com/@qianashf","qianashf","2025-03-24","2025-10-13","Pending publish review","amanda","否","Video:3","5003 / 1231 / 1132","服饰穿搭","穿搭搭配","清单推荐","甜美少女型","学生党","时尚饰品","戒指","Sparco / ICYEE","种草强","潜力达人","已初筛","https://www.tiktok.com/@qianashf","2026-03-18批量初筛：主要依据账号命名/公开定位与历史合作SPU（5003 / 1231 / 1132）完成第一版归档，建议后续抽查近期视频再细化。"
"racun.epple","3","Tiktok","https://www.tiktok.com/@racun.epple","racun.epple","2025-08-01","2025-08-20","MOU submitted","lida","是","Video:3","2132 / 2104 / 5002","泛生活种草","家庭实用","口播讲解","家庭实用型","家庭用户","家居生活","","LetMe / ICYEE","短视频强","潜力达人","已初筛","https://www.tiktok.com/@racun.epple","2026-03-18批量初筛：主要依据账号命名/公开定位与历史合作SPU（2132 / 2104 / 5002）完成第一版归档，建议后续抽查近期视频再细化。"
"rainy_in_june","3","Tiktok","https://www.tiktok.com/@rainy_in_june","rainy_in_june","2025-01-11","2026-02-27","Pending MOU","dona","是","Video:3","2032 / 2122 / 2120 / 2027","泛生活种草","家庭实用","口播讲解","家庭实用型","家庭用户","家居生活","","LetMe","种草强","潜力达人","已初筛","https://www.tiktok.com/@rainy_in_june","2026-03-18批量初筛：主要依据账号命名/公开定位与历史合作SPU（2032 / 2122 / 2120 / 2027）完成第一版归档，建议后续抽查近期视频再细化。"
"raseli_.quinzy","3","Tiktok","https://www.tiktok.com/@raseli_.quinzy","raseli_.quinzy","2025-03-06","2025-10-21","Pending review","lida","是","Video:4","1231 / 1339 / 1132 / 1044","服饰穿搭","穿搭搭配","清单推荐","甜美少女型","学生党","时尚饰品","戒指","Sparco","种草强","潜力达人","已初筛","https://www.tiktok.com/@raseli_.quinzy","2026-03-18批量初筛：主要依据账号命名/公开定位与历史合作SPU（1231 / 1339 / 1132 / 1044）完成第一版归档，建议后续抽查近期视频再细化。"
"rill.id29","3","Tiktok","https://www.tiktok.com/@rill.id29","rill.id29","2025-03-13","2025-10-13","MOU submitted","dona","是","Video:2","2005 / 1231 / 1102","服饰穿搭","穿搭搭配","清单推荐","甜美少女型","学生党","时尚饰品","戒指","Sparco / LetMe","种草强","潜力达人","已初筛","https://www.tiktok.com/@rill.id29","2026-03-18批量初筛：主要依据账号命名/公开定位与历史合作SPU（2005 / 1231 / 1102）完成第一版归档，建议后续抽查近期视频再细化。"
"ririnhndy","3","Tiktok","https://www.tiktok.com/@ririnhndy","ririnhndy","2025-09-29","2026-03-09","Pending MOU","dona","是","Video:3","2116 / 2193 / 2253 / 2243","泛生活种草","家庭实用","口播讲解","家庭实用型","家庭用户","家居生活","","LetMe","种草强","潜力达人","已初筛","https://www.tiktok.com/@ririnhndy","2026-03-18批量初筛：主要依据账号命名/公开定位与历史合作SPU（2116 / 2193 / 2253 / 2243）完成第一版归档，建议后续抽查近期视频再细化。"
"second_pza","3","Tiktok","https://www.tiktok.com/@second_pza","second_pza","2025-04-04","2025-10-20","MOU submitted","lida","是","Video:3","1231 / 1012","服饰穿搭","穿搭搭配","清单推荐","甜美少女型","学生党","时尚饰品","戒指","Sparco","种草强","潜力达人","已初筛","https://www.tiktok.com/@second_pza","2026-03-18批量初筛：主要依据账号命名/公开定位与历史合作SPU（1231 / 1012）完成第一版归档，建议后续抽查近期视频再细化。"
"sereya_ruth","3","Tiktok","https://www.tiktok.com/@sereya_ruth","sereya_ruth","2025-12-15","2025-12-19","Pending publish review","sely","否","Video:3","1231","服饰穿搭","穿搭搭配","清单推荐","甜美少女型","学生党","时尚饰品","戒指","Sparco","种草强","潜力达人","已初筛","https://www.tiktok.com/@sereya_ruth","2026-03-18批量初筛：主要依据账号命名/公开定位与历史合作SPU（1231）完成第一版归档，建议后续抽查近期视频再细化。"
"shinjoyaa","3","Tiktok","https://www.tiktok.com/@shinjoyaa","shinjoyaa","2024-12-07","2026-01-21","MOU submitted","lida","是","Video:3","2032 / 1231 / SP-BB3-013 / SP-BB3-008-NEW","服饰穿搭","穿搭搭配","清单推荐","甜美少女型","学生党","时尚饰品","戒指","Sparco","种草强","潜力达人","已初筛","https://www.tiktok.com/@shinjoyaa","2026-03-18批量初筛：主要依据账号命名/公开定位与历史合作SPU（2032 / 1231 / SP-BB3-013 / SP-BB3-008-NEW）完成第一版归档，建议后续抽查近期视频再细化。"
"shopbyola","3","Tiktok","https://www.tiktok.com/@shopbyola","ola disinii","2025-05-22","2025-07-24","MOU submitted","dewa","是","Video:3","4005 / 4006 / 4002","美发造型","教程教学","清单推荐","甜美少女型","学生党","美发工具","直发梳","Stypro","种草强","潜力达人","已初筛","https://www.tiktok.com/@shopbyola","2026-03-18初筛：Bio 虽然偏泛女生好物，但历史合作 SPU 全部集中在 Stypro 线，适合做甜妹向美发工具种草。"
"sophiechive","3","Tiktok","https://www.tiktok.com/@sophiechive","sofi 𐙚","2024-12-01","2025-10-28","MOU submitted","lida","是","Video:3","2253 / 2141 / 1121 / SP-BB3-013","服饰穿搭","穿搭搭配","清单推荐","精致时尚型","女性白领","时尚饰品","项链","Sparco","种草强","潜力达人","已初筛","https://www.tiktok.com/@sophiechive","2026-03-18初筛：Bio 明确是 fashion, beauty, and aesthetic stuff，风格精致少女，适合 Sparco 做穿搭饰品种草。"
"spill.byria","3","Tiktok","https://www.tiktok.com/@spill.byria","fbyria♥︎","2025-07-22","2026-01-05","Pending publish review","sely","是","Video:3","1234 / 2032 / 1224","服饰穿搭","穿搭搭配","清单推荐","甜美少女型","学生党","时尚饰品","戒指","Sparco","种草强","潜力达人","已初筛","https://www.tiktok.com/@spill.byria","2026-03-18初筛：Bio 是 Girl things need，整体是女生向穿搭和好物号，结合历史合作更适合 Sparco 的少女系饰品推荐。"
"srhhahaha05","3","Tiktok","https://www.tiktok.com/@srhhahaha05","srhhahaha05","2025-06-16","2025-09-30","Pending publish review","sely","否","Video:3","1126 / 2031 / 5001","美妆护肤","教程教学","口播讲解","精致时尚型","女性白领","护肤品","精华喷雾","ICYEE / LetMe","种草强","潜力达人","已初筛","https://www.tiktok.com/@srhhahaha05","2026-03-18批量初筛：主要依据账号命名/公开定位与历史合作SPU（1126 / 2031 / 5001）完成第一版归档，建议后续抽查近期视频再细化。"
"sye.stuff","3","Tiktok","https://www.tiktok.com/@sye.stuff","sye ⋆˚🍒𐙚⋆˚","2025-04-09","2025-11-17","Pending MOU","lida","是","Video:3","1231 / 1224","美妆护肤","教程教学","清单推荐","甜美少女型","学生党","时尚饰品","戒指","Sparco","种草强","潜力达人","已初筛","https://www.tiktok.com/@sye.stuff","2026-03-18初筛：Bio 写 everything | beauty | makeup，内容是女生变美向种草；结合历史合作 SPU 为 Sparco 饰品线，适合美妆人群里的饰品搭配合作。"
"tehhobengg","3","Tiktok","https://www.tiktok.com/@tehhobengg","tehhobengg","2025-07-17","2026-01-14","MOU submitted","dewa","是","Video:3","4019 / 1231 / SP-BB3-013","服饰穿搭","穿搭搭配","清单推荐","甜美少女型","学生党","时尚饰品","戒指","Sparco / Stypro","种草强","潜力达人","已初筛","https://www.tiktok.com/@tehhobengg","2026-03-18批量初筛：主要依据账号命名/公开定位与历史合作SPU（4019 / 1231 / SP-BB3-013）完成第一版归档，建议后续抽查近期视频再细化。"
"teteh.rai","3","Tiktok","https://www.tiktok.com/@teteh.rai","teteh.rai","2025-07-21","2025-12-14","MOU submitted","dona","是","Video:3","2104 / 2253 / 2034","泛生活种草","家庭实用","口播讲解","家庭实用型","家庭用户","家居生活","","LetMe","种草强","潜力达人","已初筛","https://www.tiktok.com/@teteh.rai","2026-03-18批量初筛：主要依据账号命名/公开定位与历史合作SPU（2104 / 2253 / 2034）完成第一版归档，建议后续抽查近期视频再细化。"
"thisisalulaa","3","Tiktok","https://www.tiktok.com/@thisisalulaa","thisisalulaa","2025-05-02","2025-10-07","MOU submitted","dona","否","Video:3","2237 / 2104 / 5002 / 5003 / 5001","美妆护肤","教程教学","口播讲解","精致时尚型","女性白领","护肤品","面霜","ICYEE / LetMe","种草强","潜力达人","已初筛","https://www.tiktok.com/@thisisalulaa","2026-03-18批量初筛：主要依据账号命名/公开定位与历史合作SPU（2237 / 2104 / 5002 / 5003 / 5001）完成第一版归档，建议后续抽查近期视频再细化。"
"tiarasabirin6","3","Tiktok","https://www.tiktok.com/@tiarasabirin6","tiarasabirin6","2025-06-24","2025-11-17","MOU submitted","dona","是","Video:3","2237 / 1231 / 1339","服饰穿搭","穿搭搭配","清单推荐","甜美少女型","学生党","时尚饰品","戒指","Sparco / LetMe","种草强","潜力达人","已初筛","https://www.tiktok.com/@tiarasabirin6","2026-03-18批量初筛：主要依据账号命名/公开定位与历史合作SPU（2237 / 1231 / 1339）完成第一版归档，建议后续抽查近期视频再细化。"
"tyararestari","3","Tiktok","https://www.tiktok.com/@tyararestari","tyararestari","2025-06-19","2026-02-11","Pending MOU","dewa","是","Video:3","4016 / 4008 / 4006","美发造型","教程教学","现场演示","改造变美型","女性白领","美发工具","直发梳","Stypro","演示强","潜力达人","已初筛","https://www.tiktok.com/@tyararestari","2026-03-18批量初筛：主要依据账号命名/公开定位与历史合作SPU（4016 / 4008 / 4006）完成第一版归档，建议后续抽查近期视频再细化。"
"unkno0wnzz","3","Tiktok","https://www.tiktok.com/@unkno0wnzz","unkno0wnzz","2025-06-19","2025-08-12","MOU submitted","dewa","是","Video:3","4002 / 4005 / 4006","美发造型","教程教学","现场演示","改造变美型","女性白领","美发工具","直发梳","Stypro","演示强","潜力达人","已初筛","https://www.tiktok.com/@unkno0wnzz","2026-03-18批量初筛：主要依据账号命名/公开定位与历史合作SPU（4002 / 4005 / 4006）完成第一版归档，建议后续抽查近期视频再细化。"
"urlv.ikaaa","3","Tiktok","https://www.tiktok.com/@urlv.ikaaa","urlv.ikaaa","2025-05-30","2025-09-24","Pending MOU","sely","否","Video:3","1231 / 5001 / 1343","服饰穿搭","穿搭搭配","清单推荐","甜美少女型","学生党","时尚饰品","戒指","Sparco / ICYEE","种草强","潜力达人","已初筛","https://www.tiktok.com/@urlv.ikaaa","2026-03-18批量初筛：主要依据账号命名/公开定位与历史合作SPU（1231 / 5001 / 1343）完成第一版归档，建议后续抽查近期视频再细化。"
"vallegallery.id","3","Tiktok","https://www.tiktok.com/@vallegallery.id","rizkiafsari","2025-09-08","2026-01-23","MOU submitted","sely","是","Video:3","1224 / 1231","服饰穿搭","试穿展示","纯展示","精致时尚型","女性白领","时尚饰品","项链","Sparco","种草强","潜力达人","已初筛","https://www.tiktok.com/@vallegallery.id","2026-03-18初筛：Bio 直接写 Fashion，账号是典型穿搭展示号，结合历史合作 SPU 为 Sparco 线，适合饰品搭配合作。"
"veur.id","3","Tiktok","https://www.tiktok.com/@veur.id","veur.id","2025-09-26","2026-02-04","MOU submitted","dewa","是","Video:3","4008 / 4006 / 4022","美发造型","教程教学","现场演示","改造变美型","女性白领","美发工具","直发梳","Stypro","演示强","潜力达人","已初筛","https://www.tiktok.com/@veur.id","2026-03-18批量初筛：主要依据账号命名/公开定位与历史合作SPU（4008 / 4006 / 4022）完成第一版归档，建议后续抽查近期视频再细化。"
"vinatan509","3","Tiktok","https://www.tiktok.com/@vinatan509","vinatan509","2024-11-04","2025-02-12","Published","lida","是","Live:3 / Video:1","1233 / 1102 / 1132 / SP-BA3-007 / 1002 / 1135","服饰穿搭","穿搭搭配","清单推荐","甜美少女型","学生党","时尚饰品","戒指","Sparco","种草强","潜力达人","已初筛","https://www.tiktok.com/@vinatan509","2026-03-18批量初筛：主要依据账号命名/公开定位与历史合作SPU（1233 / 1102 / 1132 / SP-BA3-007 / 1002 / 1135）完成第一版归档，建议后续抽查近期视频再细化。"
"winterrwin_","3","Tiktok","https://www.tiktok.com/@winterrwin_","Wiwin Ayu ʚଓ","2025-01-04","2026-01-06","MOU submitted","lida","是","Video:4","1234 / 2253 / 1339 / 1347 / 2031","泛生活种草","穿搭搭配","清单推荐","温柔治愈型","学生党","时尚饰品","手链","Sparco","种草强","潜力达人","已初筛","https://www.tiktok.com/@winterrwin_","2026-03-18初筛：Bio 写 Life style • Cute & Aesthetic Stuff，整体是甜系美物分享，结合历史合作以 Sparco 饰品线为主，适合少女感搭配种草。"
"wiwidrazak","3","Tiktok","https://www.tiktok.com/@wiwidrazak","wiwidrazak","2025-03-13","2025-04-04","MOU submitted","lida","否","Video:2 / Live:1","1231 / 1224 / 1012 / 1132 / SP-BB3-013 / 4002","服饰穿搭","穿搭搭配","清单推荐","甜美少女型","学生党","时尚饰品","戒指","Sparco","种草强","潜力达人","已初筛","https://www.tiktok.com/@wiwidrazak","2026-03-18批量初筛：主要依据账号命名/公开定位与历史合作SPU（1231 / 1224 / 1012 / 1132 / SP-BB3-013 / 4002）完成第一版归档，建议后续抽查近期视频再细化。"
"xyz.jewelry","3","Tiktok","https://www.tiktok.com/@xyz.jewelry","XYZ JEWELRY","2024-10-28","2025-02-26","Published","lida","是","Video:3","1231 / 1045 / 1132 / 1102","饰品分享","穿搭搭配","纯展示","精致时尚型","女性白领","时尚饰品","项链","Sparco","种草强","潜力达人","已初筛","https://www.tiktok.com/@xyz.jewelry","2026-03-18初筛：账号名和 Bio 都直接写 Jewelry / aksesoris perhiasan，是标准饰品垂类账号，适合 Sparco。"
"yellowc_","3","Tiktok","https://www.tiktok.com/@yellowc_","yellow🐣","2025-03-21","2026-03-10","Review rejected","dewa","否","Video:5","4016 / 2210 / 2237 / 2104 / 5000","美妆护肤","教程教学","口播讲解","精致时尚型","女性白领","护肤品","凝胶霜","ICYEE","种草强","潜力达人","已初筛","https://www.tiktok.com/@yellowc_","2026-03-18初筛：Bio 里有多个美妆护肤品牌 BA 身份，账号整体是女生变美向内容，适合 ICYEE 的护肤线种草。"
"zarra_felly7","3","Tiktok","https://www.tiktok.com/@zarra_felly7","zarra_felly7","2025-01-18","2025-05-16","Pending MOU","lida","是","Live:3","1347 / 1135 / 1012 / 1132 / 1102 / 1215 / 1264","服饰穿搭","穿搭搭配","清单推荐","甜美少女型","学生党","时尚饰品","戒指","Sparco","种草强","潜力达人","已初筛","https://www.tiktok.com/@zarra_felly7","2026-03-18批量初筛：主要依据账号命名/公开定位与历史合作SPU（1347 / 1135 / 1012 / 1132 / 1102 / 1215 / 1264）完成第一版归档，建议后续抽查近期视频再细化。"
